SrcDatabase-来源库,Title-题名,Author-作者,Organ-单位,Source-文献来源,Summary-摘要,PubTime-发表时间
期刊,极限制裁下的俄罗斯数字化转型:困境、应对与启示,高际香,中国社会科学院俄罗斯东欧中亚研究所;,欧亚经济,"俄罗斯以政府为主导、自上而下系统推进数字经济发展。支撑俄罗斯数字经济发展的八大因素中,网络安全水平、数字政策环境是长项;数字基础设施水平和数字技术水平与国家经济实力相当;短板是数字经济需求不足、信息化人力资本缺口较大、信息通信技术产业薄弱、数字融合应用有待强化。美西方极限制裁下,俄罗斯数字化转型遭遇IT人才外流、数字化转型项目暂停、电信资费上涨、数据中心不足、被锁定在技术低端的风险增加、关键信息基础设施遭遇安全威胁等困境。俄罗斯通过资源整合提升综合效能、突破西方知识产权体系藩篱并重构供应链、大力支持IT行业发展、重构微电子产业、“政产学研用”协同推进国产替代、强化信息安全保障、加强卫星通信基础设施建设、重视端到端技术研发与应用等方式积极应对。虽然2022年俄罗斯完成了数字化转型国家目标,但企业数字化转型成本上升的同时效能并未提升、技术解决方案进口替代遭遇诸多困难、数字前沿技术研发受困等问题凸显。困局下俄罗斯的应对措施给中国提供的启示为:须提前布局关键核心技术研发,用“举国体制”推动“政产学研用”协同创新,果断采取应急措施抵御冲击,强化前沿关键数字技术布局,高度重视网络安全问题。",2023/12/2 11:14
期刊,惯导与视觉信息融合的掘进机精确定位方法,毛清华; 周庆; 安炎基; 薛旭升; 杨文娟,西安科技大学机械工程学院;陕西省矿山机电装备智能监测重点实验室;,煤炭科学技术,针对煤矿巷道复杂环境下掘进机精确定位难题，提出了一种惯导与视觉融合的掘进机精确定位方法，该方法采用惯导与“视觉+激光标靶”的定位方案。该方案将设计的四特征点大尺寸激光标靶固定于巷道顶板，相机固定于掘进机机身采集激光标靶图像，并运用圆拟合法定位光斑中心和基于四特征点的EPnP算法解算掘进机位置。为了验证“视觉+激光标靶”方法对掘进机位置检测效果，在模拟掘进工作面环境下开展了“视觉+激光标靶”位置检测实验，结果表明：在30m内沿巷道宽度方向、掘进方向、高度方向最大误差不超过28.549mm、78.868mm、44.459mm，实现了掘进机位置精确检测。针对惯导测量掘进机位姿误差随时间累积和掘进机振动对组合定位系统产生干扰导致位姿检测不准问题，提出改进Sage-Husa自适应滤波的惯导与视觉信息融合方法，该方法通过检测新息方差值修正量测误差来提高定位准确性。在模拟掘进工作面环境下开展了惯导与“视觉+激光标靶”组合定位实验，采用改进前后Sage-Husa自适应滤波算法融合惯导与视觉信息进行对比分析，结果表明：改进后Sage-Husa自适应滤波算法融合得到的定位误差更小，俯仰角、横滚角、航向角最大误差分别为0.029°、0.051°、0.0113°，在30m内巷道宽度位置误差在0.033m范围内，巷道掘进方向位置误差在0.062m范围内。所提出的惯导与视觉融合定位方法能够满足巷道掘进定位精度要求。,2023/12/2 11:29
期刊,基于空间信息增强的轻量化玉米果穗品质识别,刘国荣; 史本政; 陈召远; 徐岩,山东科技大学;山东移动通信集团烟台分公司;,中国粮油学报,果穗是籽粒的聚集形态。为实现轻量化卷积神经网络对玉米果穗品质的准确、快速识别，提出了一种结合轻量化主干和轻量化通道池化注意力模块（Lightweight channel pooling attention，LCPA）的玉米果穗品质识别模型LCPA-Ghost。首先，采用Ghost网络实现轻量化处理，减少训练成本和冗余信息，提升模型的特征学习能力。其次，将LCPA模块增加到Ghost模块的捷径连接中，在引入少量参数的情况下，弥补空间信息捕获能力的不足，保证模型识别准确率。实验以正常、籽粒杂乱、霉变、杂色和缺粒果穗为研究对象，采集并制作了包含1571张果穗图像的基础数据集。实验结果表明，LCPA-Ghost模型的测试识别率达98.12%，与CorNet相当，而模型参数量仅为2.40M，单张识别速度为19.08ms，提升9.8%。LCPA-Ghost模型为玉米果穗品质的轻量化识别提供了可行的实验方法。,2023/12/2 12:58
期刊,基于BO-LSTM的水库移民安置意向智能预测模型,毛昊然; 叶发青; 叶瑞辉; 江政儒; 樊宇奇; 陈坤,丽水市水利局;莲都区水利局;,水利发展研究,为提前预测移民安置意向，文章以丽水市莲湖水库工程征地移民实物调查结果为基础，以移民安置意愿为输出，以水库移民基本信息（包括性别、年龄、学历等8项）为输入，基于BO-LSTM模型，建立水库移民安置意向智能预测模型。研究结果显示：（1）基于BO-LSTM的水库移民安置意向智能预测模型具有一定精度，能在一定程度上反映库区移民安置意向；（2）其余1598户未表态移民中，预测约有730户移民选择高层公寓房安置点，868户移民选择排屋住宅安置点；（3）利用二向分布概率函数分析，680～880人选择高层公寓房安置点的概率超90%。研究成果可为实际工程中的移民安置规划工作提供参考。,2023/12/2 12:58
期刊,基于数据变异的神经网络测试用例选择方法,曹雪洁; 陈俊洁; 闫明; 尤翰墨; 吴卓; 王赞,天津大学智能与计算学部;天津大学新媒体与传播学院;,软件学报,"深度神经网络目前已被广泛应用于自动驾驶、医疗诊断、语音识别、人脸识别等安全攸关领域,因此深度神经网络测试对于保证其质量非常关键.然而,为判断DNN模型预测是否正确而对测试用例进行标注的成本很高.因此,筛选出能够揭示DNN模型错误行为的测试用例并优先对其进行标注,能够尽快修复模型缺陷,从而提升DNN测试的效率、保证DNN模型质量.提出一种基于数据变异的测试用例选择方法 DMS.该方法设计并实现数据变异算子生成变异模型,以模拟模型缺陷并捕获测试用例揭错时的动态模式,从而评估测试用例的揭错能力.在25个深度学习测试集和模型的组合上进行实验,结果表明,无论是筛选出的样本中揭错用例的比例还是揭错方向的多样性, DMS都要显著优于现有的测试用例选择方法.具体来说,以原始测试集作为候选集时,在选择10%的测试用例时, DMS能够筛选出候选集中53.85%C99.22%的揭错用例,在选择5%的测试用例时, DMS筛选出的测试用例已经几乎能覆盖所有的揭错方向.相较于8种对比方法, DMS平均多找出12.38%C71.81%的揭错用例,证明了DMS在测试用例选择任务中的显著有效性.",2023/12/1 9:28
期刊,基于学习的源代码漏洞检测研究与进展,苏小红; 郑伟宁; 蒋远; 魏宏巍; 万佳元; 魏子越,哈尔滨工业大学计算学部;,计算机学报,源代码漏洞自动检测是源代码漏洞修复的前提和基础，对于保障软件安全具有重要意义.传统的方法通常是基于安全专家人工制定的规则检测漏洞，但是人工制定规则的难度较大，且可检测的漏洞类型依赖于安全专家预定义的规则.近年来，人工智能技术的快速发展为实现基于学习的源代码漏洞自动检测提供了机遇.基于学习的漏洞检测方法是指使用基于机器学习或深度学习技术来进行漏洞检测的方法，其中基于深度学习的漏洞检测方法由于能够自动提取代码中漏洞相关的语法和语义特征，避免特征工程，在漏洞检测领域表现出了巨大的潜力，并成为近年来的研究热点.本文主要回顾和总结了现有的基于学习的源代码漏洞检测技术，对其研究和进展进行了系统的分析和综述，重点对漏洞数据挖掘与数据集构建、面向漏洞检测任务的程序表示方法、基于机器学习和深度学习的源代码漏洞检测方法、源代码漏洞检测的可解释方法、细粒度的源代码漏洞检测方法等五个方面的研究工作进行了系统的分析和总结.在此基础上，给出了一种结合层次化语义感知、多粒度漏洞分类和辅助漏洞理解的漏洞检测参考框架.最后对基于学习的源代码漏洞检测技术的未来研究方向进行了展望.,2023/12/1 10:41
期刊,Stewart平台神经网络非奇异终端滑模控制,常光宇; 陈志峰; 郭春雨; 庞明,哈尔滨工程大学智能科学与工程学院;哈尔滨商业大学能源与建筑工程学院;哈尔滨工程大学青岛创新发展基地;,智能系统学报,针对Stewart平台的六自由度（six degrees of freedom， 6-DOF）轨迹跟踪问题，提出一种基于神经网络的非奇异终端滑模控制方法并应用于Stewart平台的位置姿态控制中。首先，通过分析Stewart平台的位置反解和速度反解，建立了运动学方程，利用牛顿-欧拉方程建立了动力学方程，并结合加速度反解得到了平台的状态空间表达式。然后，基于非奇异滑模面函数，设计了非奇异终端滑模控制律。考虑到径向基函数（radial Basis function， RBF）神经网络的逼近特性，采用RBF神经网络对模型未知部分进行自适应逼近，并利用Lyapunov第二法设计了自适应律。最后，通过仿真证明了控制器设计的有效性。仿真结果表明：相比于比例积分微分（proportional integral derivative， PID）控制器，本文提出的RBF神经网络非奇异终端滑模控制器具有更好的轨迹跟踪精度和动态特性。,2023/12/1 13:52
期刊,远程广域网多技术融合的高速公路施工智能监控系统,陈垦; 王世法; 谭屈山; 何富勇; 王俊; 雷达; 焦育威; 杨岚; 杨洋; 李伟; 曹; 胡思源,东南大学信息科学与工程学院;四川数字交通科技股份有限公司;四川成绵苍巴高速公路有限责任公司;,重庆理工大学学报(自然科学),针对现有高速公路施工监控是独立系统部署，提出了一个基于远程广域网的高速公路施工智能监控系统，通过使用带有惯性测量单元和全球定位系统设备的跟踪装置，实现对工作人员的活动空间监测。使用装有防护装备的射频识别标签对进入现场的人员和设备进行登记。运动传感器用于监测脚手架、建筑结构和高速公路低级倾斜的变化。此外，提出一种轻量级的目标检测算法（light-weight objectdetection， LOD)，用于检测施工人员是否佩戴安全帽。LOD算法应用深度可分离卷积取代标准卷积网络，引入感受野模块，使用LOD-NMS算法、Mish激活函数，针对亚洲人的头部特征比例设置合适的先验框，平衡了精度和预测效率。在WIDER FACE开源数据集和真实数据集上进行实验，结果表明：LOD算法不仅能实时高精度地对工人进行安全帽检测，而且在分辨率较低的输入场景下，识别精度依然高于传统算法。,2023/12/1 14:17
期刊,基于PSR优化模型的玉龙雪山生态系统多样性评价,张晓晓; 赵振峰; 张洪; 田淑静,云南国土资源职业学院;昆明理工大学;云南交通职业技术学院;,环境保护科学,为对玉龙雪山自然保护区生态系统多样性保护成果做出比较科学的定量评价，以云南省丽江市玉龙纳西族自治县第三次全国土地调查、第七次全国人口普查、2020年林地一张图、2022年自然资源统一确权登记成果等为主要基础数据，在众多评价模型中，对保护区首次选取较为贴合、稳定的PSR模型，从压力、状态、响应等三个层次对保护区生态系统多样性进行定性和定量的评价，最终得到综合评价指标体系值7.21，表明该保护区生态系统丰富，完整性较强，受人类干扰较少，生物多样性维持功能较强。,2023/12/1 16:47
期刊,Grover量子搜索算法在“嵩山”超级计算机系统中的模拟,杜帅岐; 刘晓楠; 廉德萌; 刘正煜,国家超级计算郑州中心;郑州大学计算机与人工智能学院;,计算机科学,量子计算凭借其叠加性和纠缠性，具有强大的并行计算能力。然而，目前的量子计算机不能保证大规模量子比特处于稳定叠加态的同时，进行干涉、纠缠等量子操作。因此，当前研究和推动量子计算的有效途径是使用经典计算机模拟量子计算。Grover量子搜索算法针对无序数据库搜索问题设计，将搜索的时间复杂度加速至开平方级，能加速机器学习中的主成分分析。因此研究和模拟Grover算法，可以促进量子计算与机器学习结合领域的发展，为Grover量子搜索算法的应用以及量子机器学习在“嵩山”超级计算机系统中的模拟奠定了基础。通过研究Grover量子搜索算法，模拟出了算法的量子线路。使用Toffoli量子门优化该量子线路，在减少了两个辅助量子比特的同时，提出了Grover算法的通用量子线路。实验基于“嵩山”超级计算机系统的CPU+DCU异构体系，使用了MPI多进程+HIP多线程的两级并行策略。通过调整辅助比特在量子线路中的位置，减少了MPI进程间的通信；使用分片的方式传输数据依赖的量子态。对比串行版本，并行化的模拟算法取得了最高560.33倍的加速，首次实现了31qubits规模的Grover量子搜索算法。,2023/12/1 16:57
期刊,金属构件硬度的无损检测研究进展与展望,沙经伟; 范孟豹; 曹丙花; 杨雪锋,中国矿业大学机电工程学院;中国矿业大学信息与控制工程学院;,机械工程学报,金属构件的硬度是其力学和机械性能的关键指标之一，因此硬度检测在工业生产中具有重要意义。传统的硬度检测方法通常采用压痕或划痕等方式，这种方法存在破坏性大、效率低等问题，难以满足现代化检测的需求，因此，无损检测方法成为当前研究的热点。随着声学、电磁学等领域的发展，基于这些技术的硬度无损检测技术应运而生。首先，对基于声学、电磁学的硬度无损检测技术进行系统的阐述，并探讨不同材料微观结构变化对检测特征的影响。通过对特征与微观结构之间的关系进行分析，深入地理解硬度无损检测技术的原理和应用。接下来，综述一些基于神经网络的新型信号处理方法，这些方法在提高检测精度和优化信号处理算法方面都表现出了巨大的潜力。最后，展望硬度无损检测技术的未来发展趋势。,2023/12/1 17:12
期刊,履带式收割机全田块路径跟踪算法设计与试验,章少岑; 魏新华; 邓屹; 臧崇全; 吉鑫; 汪岸哲,江苏大学农业工程学院;现代农业装备与技术教育部重点实验室;常州江苏大学工程技术研究院;,农业工程学报,针对中小型传统收割机无人化作业需求，该研究设计了一套后装式全田块自动驾驶系统。以沃得锐龙单边制动转向型履带式收割机为平台，搭建手自兼容自动驾驶系统，并进行系统特性辨识试验，明确其测控性能限制。针对测控性能限制设计一种PD-Fuzzy-BangBang组合路径跟踪算法，并进行样机集成与试验。水泥地面直线行驶试验表明，组合算法相较单一PD算法的上线距离缩短57.3%，稳态标准差缩小81.3%。全田块模拟试验证明，组合算法在理想条件下的路径跟踪最大偏差为6.00 cm，标准差为2.42 cm，样机具备全田块自动驾驶功能。实际水田收割作业试验证明，样机在车速0.7 m/s条件下，上线过程的路径跟踪最大偏差为12.00 cm，标准差为6.18 cm，全田块不漏割，割幅利用率大于80%，满足田间作业需求。,2023/12/1 18:27
期刊,合成语声的声学分析及识别特征算法,胡晓光; 黄子旭; 周峻林; 汪旭; 付哲宇,中国人民公安大学侦查学院;中国人民公安大学国家安全学院;交通银行湖南省分行金融科技部;,应用声学,当前社会新型犯罪中电信诈骗案件频发，急需一种能够自动有效区分语声真伪的方法。为进一步增强目前深度学习领域识别合成语声的能力，为保障语声信息安全提供技术上的支持，针对合成语声声学特性上异于真实语声的特点，分析对比合成语声和真实语声的声学特性，设计了一种声学特征均方根角量化语声声强变化程度，结合基频变化率和语声窄带频谱图声学特征进行融合，量化了声学特性差异，聚焦了合成语声中关键声学信息。在神经网络模型中融合输入声学特征，在FoR数据集的验证集上得到了0.6%的等错误率，在测试集上最好结果达到了10.8%的等错误率。该文成功实现了对合成语声的识别，证实了声学特征的有效性和研究方案的可行性，在一定程度上拓宽了合成语声特征设计的研究思路。,2023/12/1 19:39
SrcDatabase-来源库,Title-题名,Author-作者,Organ-单位,Source-文献来源,Summary-摘要,PubTime-发表时间
报纸,2022年以来侦破黑客类犯罪案件2430起,董凡超,法治日报,法治日报,在全球数字经济时代，网络技术给人民群众的生产生活带来了前所未有的便利，也带来了不可低估的风险，其中衍生出了以网络空间为场地、以网络技术为手段、以信息系统和数据为目标的黑客类犯罪。为此，公安部部署全国公安机关持续开展“净网”专项行动，重拳打击黑客类犯罪。,2023/12/1
期刊,基于模糊控制和机器学习的水泥磨机专家控制系统的开发与应用,范会永; 蓝悉铭; 魏虹凤; 贡利坤,河北金隅鼎鑫水泥有限公司;厦门大学马来西亚分校;,水泥,水泥粉磨工艺具有非线性、大时滞和时变特征，建立精确的水泥磨模型比较困难，水泥磨机智能专家控制系统可使水泥生产过程实现智能化控制，是实现水泥生产智能制造的一个核心控制环节，可以降低粉磨工艺的能源消耗，稳定生产过程的台时产量，保证设备的平稳安全运行，对产品的质量指标也起到重要的保障作用。,2023/12/1
期刊,虚拟现实技术在卫生职业教育实训教学中的应用探讨,刘娉,甘肃卫生职业学院;,卫生职业教育,实训教学是卫生职业教育教学的重要组成部分，然而经费不充分等限制了职业院校实训教学配套设施设备建设，导致实训教学无法落实，制约了医学生职业技能的发展。将虚拟现实技术应用于卫生职业教育实训教学，充分发挥辅助教学的作用，能为提高实训教学质量提供借鉴。,2023/12/1
期刊,智能空调床垫控制器的研究与实现,乔有田; 刘俊峰; 陈岩; 万欣萍,扬州市职业大学;,科技创新与应用,智能空调床垫利用水实现能量的交换，实现床垫温度控制，相比较电阻丝加热的电热毯，具有水电分离、安全性高、恒温效果好、使用时不会太干燥、单片机控制和高度智能化等优点。该文设计智能空调床垫控制器的软硬件部分，系统以AVR单片机为核心，主控模块、温度采集模块、电流检测模块、蓝牙通信模块及电源模块为辅。用户利用移动终端设备控制主控模块的执行，并将数据传到移动终端设备。实验结果表明，该系统在可靠性、精确性、处理功耗、响应时间、智能化和手持化等方面均满足设计的要求。,2023/12/1
期刊,基于神经网络的磁选机介质盒焊接变形预测方法,邵海清; 廖春; 戴昌璐; 姜志宏; 李宇达,江西下垄钨业有限公司;江西理工大学;,金属加工(热加工),在磁选机介质盒的焊接加工过程中，焊接参数是介质盒焊接变形的重要影响因素。虽然单一的焊接参数所引起的焊接变形规律可通过简单的有限元方法获得，但要同时考虑多种焊接参数的影响，仅利用有限元方法很难揭示多种焊接参数与焊接变形之间的关系。为此，针对介质盒焊接加工建立三维有限元分析模型，利用仿真结果作为神经网络的样本数据；借助神经网络的非线性映射能力，构建介质盒焊接变形的预测模型；将预测值与仿真值进行比较。结果表明：预测误差在合理范围内。,2023/12/1
期刊,“互联网+”背景下高校会计专业智慧课堂教改分析,雷硕,陕西交通职业技术学院;,陕西教育(高教),在“互联网+”时代，信息技术的快速发展和广泛应用，对高校教育提出了新的挑战和机遇。作为财务管理的重要组成部分，会计专业教育教学也面临着新的需求和要求。本文旨在探讨“互联网+”背景下高校会计专业智慧课堂教改的必要性、意义和具体措施，以期更好地推进高校会计专业智慧课堂教改，为学生的职业发展和创新创业奠定坚实基础。,2023/12/1
期刊,“互联网+”教学手段在大数据与会计专业教学中的应用研究,元媛,陕西工业职业技术学院;,陕西教育(高教),“互联网+”时代的到来为我国高职院校大数据与会计专业教学带来新的发展机遇与挑战。随着信息技术的快速发展，高职院校的教育手段和教育模式也逐渐发生了变化。大数据与会计专业应顺应时代发展需求，依靠“互联网+”的优势优化教学模式，改善教学效果，有效推进教学模式创新。本文以“互联网+”技术为研究背景，分析其影响高职院校大数据与会计专业的冲击因素，以期突破大数据与会计专业的现实困境，为高等教育路径变革提供参考。,2023/12/1
期刊,浅论互联网时代下社会方言的新发展,吴友文; 王钲惠,延边大学;,今古文创,社会方言是由社会群体的不同性质而形成的语言变体。随着时代的发展，互联网逐渐成为现代人交流的新媒介，人们通过新媒介交流时不免会产生一些新词，这些新词也带给了社会方言进一步的发展。本文将从社会方言的相关定义出发，探究网络对原有社会方言的发展、网络所产生的新的社会方言及其后续发展方向等几个方面浅谈一下互联网对于社会方言的发展与创新，体会互联网发展过程中社会方言所产生的新变化。,2023/12/1
期刊,计算机辅助训练系统在中小学田径训练中的应用,马士祥; 常静; 郭方印,山东省枣庄市山亭区桑村镇艾湖小学;山东省枣庄市山亭区职业中专;山东省枣庄市第三十七中学;,田径,现代科学技术的快速发展下，随着计算机辅助训练系统的逐步成熟，在体育训练中也得到应用，并且取得了良好效果。新技术的应用不但能够清晰地看到运动员对运动技术技能的掌握和运动员的训练水平，为教练员制定下一步的训练计划提供更加系统的依据，而且对运动员的运动潜能发展提供了一套科学可靠的指导。计算机辅助系统已成为中小学田径训练的工具，所以教练员要积极借助计算机训练系统的作用，以提高训练水平和质量。此项训练技术就是通过测量数据及图形结合对智能化处理获取相关信息，得出结果，从而判断训练效果，为田径训练提供可靠依据。本文主要探究在中小学田径训练中如何使用计算机辅助系统。,2023/12/1
期刊,针对大型舰船的新型分布式主动振动控制算法,李经良; 陆洋,南京航空航天大学直升机旋翼动力学国家级重点实验室;,噪声与振动控制,通过抑制螺旋桨等旋转设备引起的结构低频振动，可有效降低艇体低频声辐射。基于多通道自适应控制算法的主动振动控制技术由于减振效果好、重量代价小、频率自适应能力强等优点已成功应用于各型舰船中。对于大型舰船，需要更多的作动器和误差传感器形成更大规模的多通道系统才能满足减振需求，这将导致各误差通道耦合更复杂和运算量剧增，现有集中式算法的嵌入式系统为完成此大规模多通道系统庞大的运算量，将需要更高性能的运算单元和存储器，从而导致工程实现十分困难。借鉴无线传感器网络中的增量协作策略环形拓扑结构来优化误差通道的耦合关系，提出一种适合于大规模多通道系统的分布式主动振动控制算法。以某大型舰船旋转设备安装结构为仿真模型，开展规模为20×20的减振仿真研究，仿真结果表明：双频仿真平均加速度级衰减26 dB，单频仿真加速度级衰减约27.5 dB，运算量均可降低约77%。验证所提分布式算法在有效抑制艇体低频振动前提下，可显著降低运算量。,2023/12/1
期刊,基于MPC的智能车辆路径规划与跟踪控制,张丽霞; 田硕; 潘福全; 严涛峰; 李宝刚,青岛理工大学机械与汽车工程学院;,河南科技大学学报(自然科学版),"针对在障碍物环境下的避障路径动态规划效果较差，以及在面对复杂工况和曲率较大的路况时，跟踪控制的效果仍然不理想等问题，本文以智能车辆为研究对象，提出了一种模型预测控制(MPC)结合人工势场(APF)算法的路径规划跟踪系统。将改进的势场模型函数引入到MPC的目标函数和约束中，设计了基于MPC和APF的避障路径动态规划器。。运用模糊控制对MPC的车辆横向路径跟踪控制器的权重系数进行优化。仿真结果表明：在干燥路面下，与MPC控制器相比，模糊MPC路径跟踪控制器的最大横向偏差减少19.14%。在湿润路面下，模糊MPC控制器最大横向偏差减少0.55 m。基于MATLAB/Simulink与Carsim软件搭建避障路径规划与跟踪控制联合仿真模型，选择动态障碍物不同速度进行障碍物路径动态规划及跟踪控制仿真试验。实验结果表明：跟踪规划路径过程中的最大横向偏差约为0.170 m,说明规划的避障路径能够安全有效地避开障碍物。",2023/12/1
期刊,基于SVR和BP神经网络算法通过IOL Master 700测量数据来预测白内障术后CW弦,李晨,苏州大学附属第一医院眼科;,国际眼科杂志,目的:通过IOL Master 700观察白内障手术前后Chang-Warning弦(CW弦)的变化，并利用术前数据和人工智能预测模型预测术后CW弦。方法:研究对象为304例白内障患者，分析其术前及术后的IOL Master 700测量数据，包括散光矢量值、角膜平均曲率、眼轴长度、前房深度、晶状体厚度、角膜中央厚度、白到白距离、浦肯野反射Ⅰ像相对于角膜中心的位置和瞳孔中心的位置、CW弦等。研究建立了基于SVR算法和BP神经网络算法的预测模型，通过术前CW弦及眼部生物参数来预测术后CW弦。结果:相比于白内障手术前，手术后左、右眼CW弦X分量向颞侧有轻微偏移，Y分量变化不大。使用术前CW弦和其他术前眼部生物参数作为输入数据，相比于BP神经网络，SVR模型能够更准确的对术后CW弦的X分量和Y分量做出预测。结论:CW弦可以用各种生物测量仪器、角膜地形图仪器或断层摄像仪器在同轴固定光下直接测量。使用SVR算法能够在白内障手术前较精准的对术后CW弦进行预测。,2023/12/1
期刊,基于知识图谱的双端知识感知图卷积推荐模型,马汉达; 胡志鹏,江苏大学计算机科学与通信工程学院;,计算机系统应用,"针对现有基于知识图谱的推荐模型仅从用户或项目一端进行特征提取,从而缺乏对另一端的特征提取的问题,提出一种基于知识图谱的双端知识感知图卷积推荐模型.首先,对于用户、项目及知识图谱中的实体进行随机初始化表征得到初始特征表示;接着,采用基于用户和项目的知识感知注意力机制同时从用户、项目两端在知识图谱中进行特征提取;其次,使用图卷积网络采用不同的聚合方式聚合知识图谱传播过程中的特征信息并预测点击率;最后,为了验证模型的有效性,在Last.FM和Book-Crossing两个公开数据集上与4个基线模型进行对比实验.在Last.FM数据集上, AUC和F1分别比最优的基线模型提升了4.4%、3.8%, ACC提升了1.1%.在Book-Crossing数据集上, AUC和F1分别提升了1.5%、2.2%, ACC提升了1.4%.实验结果表明,本文的模型在AUC、F1和ACC指标上比其他的基线模型具有更好的鲁棒性.",2023/11/30 9:03
期刊,CT影像组学对囊腔型肺癌的诊断价值,艾江山; 高会江; 艾仕文; 李恒艳; 石国栋; 魏煜程,青岛大学附属医院胸外科;济宁医学院附属医院胸外科;济宁医学院附属医院影像科;,山东大学学报(医学版),"目的 建立一个基于临床特征和术前计算机断层扫描(CT)影像组学的预测模型辅助诊断囊腔型肺癌。方法 回顾性分析2020年1月至2021年12月在青岛大学附属医院及济宁医学院附属医院接受手术治疗的患者,纳入病变中含有囊腔的患者296例,并分为囊腔型肺癌和良性病变两组。从术前CT图像上提取病灶的影像组学特征,并综合分析临床病理特征。将上述特征进行筛选后以随机森林算法构建诊断模型,其中来自青岛大学附属医院的214例患者进行训练和内部验证(D1)。其余82例来自济宁医学院附属医院的患者作为独立的外部验证队列(D2)。通过受试者工作特征曲线(ROC)、校准曲线及决策曲线分析(DCA)对模型的分类能力进行评估。结果 囊腔型肺癌组患者年龄高于良性病变组(60.12±9.95 vs 50.86±13.66,P<0.001),其余临床特征无统计学意义。影像组学特征经筛选后获得形状平坦度、稳健平均绝对偏差、差异方差等5种影像组学纹理特征。临床与影像组学特征融合后构建随机森林模型在D1 (AUC 0.97)和D2 (AUC 0.74)上均显示出较好的诊断效能,在D1中的准确性,敏感性与特异性分别为0.92、0.85和0.99。结论 构建并外部验证了一个实用的诊断模型,可以比较准确地区分囊腔型肺癌和囊腔样良性病变。这种创新的方法可以作为囊腔型肺癌的一种新的无创诊断工具。",2023/11/30 9:25
期刊,基于ATO-YOLO的小目标检测算法,苏佳; 秦一畅; 贾泽; 王静,河北科技大学信息科学与工程学院;,计算机工程与应用,小目标检测在计算机视觉领域具有重要意义，但现有方法在应对小目标的尺度变化、目标密集和无规则排列等挑战时经常出现漏检和误检的问题。为解决这些问题，提出基于改进YOLOv5算法的ATO-YOLO。首先，为提升检测模型的特征表达能力，提出一种结合注意力机制的自适应特征提取模块(Adaptive Feature Extraction， AFE)，通过动态调整权重分配突出关键目标的特征表示，提高目标检测任务在不同场景下的准确性和鲁棒性。其次，设计一种三重特征融合机制(Triple Feature Fusion ， TFF)，能够在不同尺度下充分利用多尺度信息，将多个尺度的特征图融合，以获取更全面的目标特征，提升对小目标的检测效果。最后，引入一种输出重构模块(Output Reconstruction， ORS)，通过去除大目标检测层并增加小目标检测层，实现精确定位和识别小目标，并且相对于原模型复杂度更低，检测速度更快。实验结果表明，ATO-YOLO算法在VisDrone数据集上的mAP@0.5达到了38.2%，较原YOLOv5提升了6.1%，且FPS较改进前提升了4.4%，能够快速准确地对小目标进行检测。,2023/11/30 9:44
期刊,基于区域的弱纹理零件三维跟踪方法,徐一成; 里鹏; 李帅; 于慧东,中国科学院网络化控制系统重点实验室;中国科学院沈阳自动化研究所;中国科学院机器人与智能制造创新研究院;中国科学院大学;,计算机集成制造系统,为提升增强现实装配系统中对于弱纹理零件的跟踪效果，提出一种基于区域的三维跟踪方法。首先，采用全新的平滑阶跃函数优化了基于水平集函数的图像分割方法，提高了轮廓边缘的分割效果；然后，设计了像素前背景颜色后验概率统计模型，增强了连续帧之间的时间一致性，提高了对运动模糊的鲁棒性和准确性；最后，采用高斯―牛顿方法进行姿态优化，利用其快速收敛和数值稳定的性质，保证算法的实时性和稳定性。实验结果表明，所提出的三维跟踪方法能对弱纹理零件进行精确的跟踪。同时，在面对运动模糊或背景杂乱等干扰时，图像分割与位姿估计表现出更强的鲁棒性，满足工业场景中对弱纹理零件跟踪的要求。,2023/11/30 10:55
期刊,序列特征与学习过程融合的知识追踪模型,李子杰; 周菊香; 韩晓瑜; 甘健侯; 鹿泽光; 王俊,民族教育信息化教育部重点实验室(云南师范大学);云南省智慧教育重点实验室(云南师范大学);中科国鼎数据科学研究院;,计算机工程,知识追踪是人工智能技术与教育相结合的新兴领域，旨在通过学生过去完成习题的交互序列对学生的知识状态进行评估，是实现大规模个性化学习服务的关键核心技术。随着深度学习在计算机视觉、自然语言处理、推荐系统等领域的广泛应用，知识追踪领域也出现了大量基于神经网络的方法，简称深度知识追踪模型。针对目前已有的深度知识追踪模型在可解释性和准确性方面的不足，本文提出了一种序列特征与学习过程融合的知识追踪模型SLKT，模型包括知识状态模块、序列特征模块、预测模块，知识状态模块用以模拟学生学习过程，序列特征模块捕捉学习者近期学习状况。通过序列特征和学习过程的融合，SLKT模型有效解决了基于知识状态建模的方法无法考虑学习者近期学习状况的问题，同时提出了一种带约束的动态Q矩阵表示练习和知识点之间的关系，从而更好地进行学习者学习过程建模，在确保较好的可解释性的同时有效提升模型的准确性。本文在三个知识追踪领域公共数据集上通过与DKT、DKVMN、SAKT、CKT等深度追踪模型进行的多组实验对比，验证了本文模型在AUC、ACC指标评估中的优越表现。,2023/11/30 11:41
期刊,多特征融合的远程会诊智能分诊研究,翟运开; 李俊珂; 李金林; 乔岩,郑州大学管理学院;互联网医疗系统与应用国家工程实验室;河南省智能健康信息系统国际联合实验室;北京理工大学管理与经济学院;,计算机工程与应用,为解决调研中发现的现阶段大多数远程会诊平台仍依赖于人工分诊的问题，探索提出一种融合多特征的BTB智能分诊模型。假设数据中所安排的会诊科室为实际最优会诊科室，选取患者年龄、性别、基层医生初步诊断作为分诊依据。针对远程会诊申请信息复杂，重点分布不均的特点，使用BERT模型训练词向量，在此基础上，利用文本卷积神经网络（TextCNN）和双层双向门控循环神经网络（double-layer BiGRU）捕捉远程会诊申请的局部特征信息和上下文信息。将BERT特征与TextCNN特征、双层BiGRU特征相融合，最后输入到全连接层中，为基层医生推荐多个合适的会诊科室。模型在国家远程医疗中心大数据上进行多次训练和测试，当推荐科室为5时，模型的准确率可达90.77个百分点，MRR达到76.45个百分点。对比实验表明，提出的BTB智能分诊模型的性能比传统的机器学习模型更优，可为远程医疗平台实现智能化提供理论支撑和实践指导。,2023/11/30 11:42
期刊,智能时代国际中文教育研究的基本框架,郑艳群,北京语言大学国际中文教育研究院;,电化教育研究,"在智能时代的大背景下,思考国际中文教育学科的未来发展问题至关重要。文章旨在探讨本学科在智能时代面临的挑战和发展问题。通过综合已有的认知和文献研究,采用自上而下和自下而上相结合的方法,归纳和提炼出了语言学、教育学和教育心理学及计算机科学等三大核心领域的基础研究内容,并构建了智能时代国际中文教育研究的基本框架,详细阐述了框架的结构及其对学科发展的重要作用。考证了该框架在智能国际中文教学模型设计、教学实践、数据驱动决策等领域的实际应用价值。这一基本框架强调了智能时代国际中文教育学科发展的关键性,有望提高国际中文教学效果、鼓励教学研究方法和应用的创新,以及促进技术的广泛应用,并推动学科交叉与合作,以满足智能时代不断发展的国际中文教育的多方面需求。",2023/11/30 12:58
期刊,基于机器视觉的大坝表面位移智能监测方法研究,李艺; 刘成栋; 刘检生; 沈光泽,南京水利科学研究院;余姚市水库管理服务中心;,水电能源科学,"常规大坝位移监测方法中,人工监测方法通常误差大、效率低且不能实时连续监测,而自动化监测方法如全站仪机器人和GNSS面临受天气影响大和垂直位移精度低等问题,故提出一种基于机器视觉的新型大坝位移智能监测方法。该方法采用物联网及智能灾变识别算法将图片数据转化为变形数据,实现对大坝的超高精度非接触式实时测量。以梁辉水库为例,应用研究表明该监测系统运行稳定,水平和垂直方向的监测精度均为1.5 mm,可在其他水利工程表面位移监测中推广应用。",2023/11/30 14:19
期刊,以跨学科学习促进信息科技课程核心素养落地,顾小清; 姜冰倩,华东师范大学教育信息技术学系;上海高校“立德树人”信息科技教育教学基地;,现代远程教育研究,在数字时代以核心素养培养为导向的教育改革中，信息科技课程需要把握科学与技术并重的学科定位，发挥数字素养在解决生活与学习问题、应对未来挑战中的重要价值。跨学科学习作为一种综合应用多学科知识解决真实问题的学习模式，是面向素养本位课程改革的新探索。如何通过跨学科主题学习活动设计凸显信息科技课程的跨学科属性，促进课程核心素养培养，成为亟待解决的问题。信息科技跨学科主题学习活动，需要建立在与学生生活、学习经验相关的数字化场景问题中，从跨学科学习问题链和跨学科教学设计链两个视角着手建构，具体包括四个方面：构建真实的学习主题和学习情境，明确由大概念统领的学习目标，以问题链的形式组织学习任务，设计与学习任务关联的表现性学习评价。为了推进信息科技课程跨学科学习的有效实施，既需要改变“学科本位”的思维定式，也需要变革传统教学中以技术训练为主的教学逻辑，具体而言，就是要依托教师群体形成跨学科思考的教学理念，落实以学生为中心的教学模式，建立跨学科共同体和技术赋能的支持保障体系。,2023/11/30 14:22
期刊,面向GPU的地形遮蔽探测并行算法,孙卡; 俞俗强,南昌航空大学信息工程学院;,计算机工程与应用,地形遮蔽算法在军事、民航和气象分析等领域有广泛应用。然而，随着仿真规模的扩大、仿真结果实时性要求越来越高，传统计算模型俨然不能满足当下的实时性要求。因此，为解决这一不足，实现了在统一计算设备架构（CUDA）并行计算平台上的地形遮蔽探测算法，解决了仿真计算速度慢的问题。首先，在CPU端将雷达探测区域内离散采样点的高程数据矩阵化，进而提升高程值在并行化计算中的读取速度。然后，针对雷达仿真计算参数对线程分配方式进行优化，采用循环对比方式对地形遮蔽角的计算进行并行加速。最后，采用设备端线程同步和数据交替传输技术，确保计算结果一致性和最大化利用GPU端计算资源。此外，采用多模式并行化计算模式，使用多线程并行化计算和单线程串串行化计算来支撑GPU端计算资源不足时后的退化计算，从而保证计算的高可用。实验结果表明，相较于i7-12700H CPU在仿真粒度为3600条探测波束下的地形遮蔽串行计算和多线程并行计算，在3060 Laptop GPU下分别获取了48倍和17倍加速，为仿真实时性提供了有效的工程解决方案。,2023/11/30 15:04
期刊,带有射频偏压源的感性耦合Ar/O_(2)/Cl_(2)等离子体放电的混合模拟研究,佟磊; 赵明亮; 张钰如; 宋远红; 王友年,大连理工大学物理学院三束材料改性教育部重点实验室;,物理学报,在刻蚀工艺中，通常会在感性耦合等离子体源的下极板上施加偏压源，以实现对离子能量和离子通量的独立调控。本文采用整体模型双向耦合一维流体鞘层模型，在Ar/O_(2)/Cl_(2)放电中，研究了偏压幅值和频率对等离子体特性及离子能量角度分布的影响。研究结果表明：当偏压频率为2.26 MHz时，随着偏压的增加，除了Cl~(-)离子和ClO~(+)离子的密度先增加后降低最后再增加外，其余带电粒子、O原子和Cl原子的密度都是先增加后基本保持不变最后再增加。当偏压频率为13.56 MHz和27.12 MHz时，除了Cl~(-)离子和Cl_(2)~(+)离子外，其余粒子密度随偏压的演化趋势与低频结果相似。随着偏压频率的提高，在低偏压范围内(<200 V)，由于偏压源对等离子体加热显著增加，导致了带电粒子、O原子和Cl原子的密度增加；而在高偏压范围内(>300 V)，由于偏压源对等离子体加热先减弱后增强，导致除了Cl_(2)~(+)离子和Cl~(-)离子外，其余带电粒子、O原子和Cl原子的密度都是先下降后增加的。此外，随着偏压频率的增加，离子能量分布中的高能峰和低能峰彼此靠近，离子能峰间距变窄，并最终变成单峰结构。本文的结论对于优化等离子体刻蚀工艺具有重要意义。,2023/11/30 17:30
期刊,面向计算机科学领域的专业实体识别,陈祥; 张仰森; 李尚美; 胡昌秀; 成琪昊,北京信息科技大学智能信息处理研究所;国家经济安全预警工程北京实验室;,重庆理工大学学报(自然科学),"为获取科研学术论文中涉及的专家研究领域等专业实体信息,给学术论文或科技项目评审专家的推荐提供理论参考,面向计算机科学领域,提出了一种基于RoBERTa-wwm的实体识别模型对专家学术论文中包含的专业实体进行识别。首先,以已有的专家基本信息数据表为参照,利用中国知网高级检索功能和爬虫技术获取表中列举专家的学术论文摘要数据;接着,将摘要数据经人工标注后,通过RoBERTa-wwm预训练模型获取具有语义特征的字符向量作为下游模型的输入;最后,将上游的语义字符向量输入BiLSTM-CRF模型中实现对文本中的专业实体识别。通过实验验证,提出的模型在自主标注的数据集中取得了更好的效果。其中,模型F_1值达到了89.94%,高于实验中其余的对比模型,具有良好的识别专业实体的能力。",2023/11/30 17:31
期刊,计算机类专业离散数学课程思政教学体系建设的思考,吴楠,南京大学计算机科学与技术系;,高教学刊,高等学校对人才的培养是育人与育才相统一的过程。为建立高质量的高校人才培养体系，必须将思想政治工作贯穿其中，特别是在课程思政建设方面要下力气，避免出现专业教育和思政教育相分离的情况。离散数学课程是我国高校在计算机科学与技术、人工智能、软件工程等计算机类国家一级学科中为本科低年级学生开设的专业必修基础课。依托离散数学课程的教学建立基于离散数学的课程思政体系是必要的，同时也是对“大思政、大教育”思路的一种践行。该文以案例研究的形式探索在高校计算机类专业离散数学教学中课程思政系统的建设，并对如何通过专业基础课程充分发挥育人作用，促进专业课程与思想政治理论课同向同行等问题进行思考和探讨。,2023/11/30
期刊,基于机器视觉的工业机器人分拣技术探讨,刘畅,宁夏职业技术学院;,大众标准化,随着工业4.0的深入发展，工业机器人在生产线的应用越来越广泛。文章基于机器视觉的工业机器人分拣技术展开研究。首先分析了工业机器人的应用现状和发展趋势，接着探讨了基于机器视觉的工业机器人分拣系统的构成和工作流程。随后，对视觉分拣技术的关键环节如摄像机标定、图像预处理以及特征识别和定位进行了深入剖析。最后，展望了基于机器视觉的工业机器人分拣技术的应用前景。,2023/11/30
期刊,新媒体时代计算机技术在传媒领域的应用,宋阳; 张志勇,吉林工程技术师范学院;长春师范大学;,大众标准化,随着新媒体时代的到来，计算机技术在传媒领域扮演着日益重要的角色。计算机技术的迅猛发展和广泛应用，改变了传媒产业的格局和传播方式，给人们的信息获取、传递和交流带来了革命性的变化。从互联网、社交媒体到移动应用，计算机技术为传媒行业带来了前所未有的机遇和挑战。文章旨在探讨计算机技术在传媒中的实际应用和相关的研究，通过深入研究计算机技术在传媒领域的实践，可以更好地为传媒行业的可持续发展提供有益的参考和启示。,2023/11/30
期刊,网页设计基础课程教学改革探索,杨秀君,长沙环境保护职业技术学院环境经济与信息学院;,科技风,网页设计基础课程是计算机专业的基础课，能够有效提高学生的计算机素养和专业学习兴趣。该文分析了网页设计基础课程教学过程中存在的问题和挑战，从组建项目团队、课前预习、“学以致用”、培养学生学习能力、培养学生动手解决问题和创新创造能力、建立多元考核评价机制等方面进行了教学改革探索。实践证明，通过教学改革，学生的学习态度和解决问题的能力明显提高了。,2023/11/30
期刊,离散数学应用型本科课程建设探索,李伟伟; 李保田; 寻杨; 杨菲菲; 陈健健,山东青年政治学院信息工程学院;山东省高等学校智能信息控制新技术研发中心;山东省高校智慧康养大数据工程与泛在计算特色实验室;,科技风,对标计算机科学与技术应用型专业建设目标，对离散数学课程进行了应用型改革，从课程目标制定、教学内容调整、考核方式改革、教学团队建设四个方面进行了离散数学应用型课程建设。改革后学生应用能力得到较大提升，学习积极性得到较大提高。,2023/11/30
期刊,基于图卷积的云制造服务编码算法,朱海; 谭文安; 郭凯,南京航空航天大学计算机科学与技术学院;上海第二工业大学计算机与信息工程学院;河南科技大学管理学院;河南省有色金属协同创新中心;,河南科技大学学报(自然科学版),随着云制造模式及相关技术的发展，越来越多的服务提供者在云平台上发布并提供云服务业务。客户如何在大量功能相似、服务质量相近的云制造服务中检索并选择合适的云服务，已成为云平台运行过程中的难题。将服务关系与服务特征相结合，将制造过程中的协作关系引入服务哈希编码，对制造服务生成二进制编码，提出一种基于图卷积的云制造服务编码检索算法，通过采用汉明距离等方法度量服务间相似性，筛选服务候选集，提高算法效率。实验结果表明：该算法能够准确、有效地为服务平台上的客户提供良好的制造服务候选集。,2023/11/30
期刊,基于BiLSTM的基坑开挖贝叶斯更新方法,李贺勇; 许高波; 李世俊; 何炳罕; 虞梦菲,中国电建集团华东勘测设计研究院有限公司;浙江华东工程咨询有限公司;浙江省岱山经济开发区环城投资集团有限公司;浙江工业大学土木工程学院;,浙江工业大学学报,为了解决基坑开挖过程中土体参数难以确定，基坑开挖响应的预测值往往不同于现场实测值的问题，提出了一种基于多重集合卡尔曼滤波(EnKF-MDA)的贝叶斯更新方法。首先，动态融合多阶段监测数据以更新土体参数，提高基坑开挖侧移预测的准确性；然后，构建双向长短时记忆(BiLSTM)神经网络作为代理模型，替代有限元方法，提高贝叶斯更新的计算效率；最后，以台北TNEC基坑为例说明所提的方法的性能。实验结果表明：BiLSTM成功学习了土体参数和基坑变形响应之间的映射；在融入多阶段多点监测数据后，预测准确性大大提高，基坑侧移的预测均值与现场实测吻合良好，预测的95%置信区间基本覆盖实测值。,2023/11/30
期刊,基于计算机辅助设计的二维手绘动画数字化实现,秦祯研; 姚远,安徽建筑大学;,湖北科技学院学报,针对当前动画制作平台处理图像的能力存在局限性，导致二维手绘动画连续性效果较差，动画分辨率较低的问题，提出了基于计算机辅助设计的二维手绘动画数字化处理方法。搭建数字模型，制作二维手绘动画静态图像，建立曲线与曲面坐标系并进行参数化转换，利用计算机辅助设计技术，按照二维动画的制作流程获得多个动画片段，通过特效添加以及声音处理，分别从二维动画主场景、曲线运动和镜头移动三个方面，实现二维手绘动画的数字化处理。实验结果表明：基于计算机辅助设计的二维动画数字化处理方法的动画连续性效果较好，能够有效提高动画分辨率，保证了二维手绘动画数字化实现效果。,2023/11/30
期刊,基于CT计算大脑前动脉瘤破裂后总出血量对预后的预测价值,张国平; 吕长磊; 寇明清; 陈晓莉,陕西省人民医院CT室;陕西省人民医院神经内二科;,脑与神经疾病杂志,"目的 探讨大脑前动脉动脉瘤破裂后出血量对患者预后的预测价值。方法 搜集陕西省人民医院2016年1月至2022年12月大脑前动脉动脉瘤破裂出血患者40例,整理一般临床资料,并将患者平扫CT数据以DICOM格式导入3D Slicer软件,使用该软件计算蛛网膜下腔和/或脑室和/或脑内血肿的总出血量。根据改良Rankin量表分为预后不良和预后良好两组,对预后相关因素进行二元Logistic回归模型分析,并以受试者工作特征曲线分析其诊断效能,计算出约登指数以确定总出血量与预后的截断值。结果性别、年龄、动脉瘤部位、手术方式在预后不良和预后良好两组间比较差异无统计学意义(P>0.05)。基础疾病、格拉斯哥昏迷量表(GCS)分级有无昏迷、总出血量以及出血的分布情况在两组间比较差异有统计学意义(P<0.05)。多因素二元Logistic分析显示,出血量多少与预后情况显著相关(OR值为1.101,95%CI 1.006～1.205;P<0.05)。受试者工作特征曲线分析显示二元Logistic回归模型区分预后不良患者的曲线下面积为0.803 (P<0.05),截断值约为13.04ml。结论 大脑前动脉动脉瘤破裂后总出血量是患者预后的独立危险因素。总出血量大于13.04ml与预后不良风险增加有关。",2023/11/30
期刊,基于职教高考的计算机类专业教材和数字化资源建设理念与路径,张建文; 王霞,陕西省教育科学研究院;陕西省石油化工学校;,教育科学论坛,职教高考背景下，开展教材及数字化资源库建设，是当前深化职业教育教学改革，提高人才培养质量，增强职业教育适应性的迫切需要。职业学校专业教材建设应遵循职业教育国家教学标准，同时还应贯彻落实立德树人、德技并修要求，适应岗课赛证人才培养模式，服务于职业教育评价改革，促进现代职业教育体系建设。以计算机类专业为例，中职专业教材建设路径包括：基于职教高考，明确教材定位；建构兼顾升学就业的计算机类专业核心课程；研制专业课程标准，梳理中高职衔接的计算机类专业知识技能目标体系；对接岗位及职业能力需要，兼顾考、赛、证，确定教材的框架结构；落实立德树人、德技并修要求，有机融入课程思政；开发新形态专业教材，配套建设数字化资源。,2023/11/30
期刊,基于BIM的工程监理管理信息系统的设计与实现,薛梅,山东华宇工学院;,黑龙江科学,基于移动应用技术和BIM网络技术，设计包括项目管理、经营管理、精细化管理、数据分析等功能的工程监理管理信息系统，以此提高信息系统构建的精确度及安全性。BIM技术在工程监理管理信息系统的设计与实现中发挥了重要的作用，能够提升施工生产效率及工程项目管理水平。,2023/11/30
期刊,电磁辐射下正切型忆阻HR神经网络的动力学研究,代志伟; 韦笃取,广西师范大学电子与信息工程学院;,计算物理,神经元周围的电磁环境非常复杂，研究电磁辐射对神经元行为的影响具有重要意义。通过磁控忆阻器的感应电流模拟电磁辐射，研究电磁辐射效应下Newman-Watts(NW)小世界的正切型忆阻耦合Hindmarsh-Rose(HR)神经网络动力学行为。数值仿真发现:增大耦合强度会促进神经元之间的同步和改变神经元的放电模式；当电磁辐射效应作用时，神经网络对初始值敏感，同时通过哈密顿能量发现，电磁辐射会增强神经元放电所需能量。当忆阻耦合与电磁辐射效应共同作用时，电磁辐射强度越小，忆阻耦合更能有效促进网络同步。实验结果表明，在电磁辐射效应下的正切型忆阻耦合神经网络对初始值状态敏感，神经网络的同步行为和放电活动与耦合强度、电磁辐射有关。,2023/11/29 10:40
期刊,基于脉冲涡流监测与Wiener过程的再制造工作辊实时剩余寿命预测方法,宋守许; 徐瑞; 蔚辰; 李想; 柯庆镝,合肥工业大学机械工程学院;合肥工业大学机械工业绿色设计与制造重点实验室;,计算机集成制造系统,再制造工作辊在热轧工作过程中熔覆层易发生复杂的退化行为，而其性能退化会影响轧制产品的质量。为实时监测轧辊退化情况并预测其剩余寿命，构建一套在线脉冲涡流监测方法和系统，采用VMD-Hilbert(Variational mode decomposition-Hilbert，VMD-Hilbert）方法提取0～5000Hz频率边际谱能量和的增量作为轧辊退化特征。基于此，构造考虑个体差异的状态退化空间模型，结合EM算法和Kalman平滑滤波算法联合对模型中未知参数进行自适应参数估计，并利用层次分析法融合监测的历史数据与实时数据，以实现对再制造工作辊实时剩余寿命预测。实验结果表明，所提方法能够准确预测再制造工作辊剩余寿命，具有一定的应用前景。,2023/11/29 10:42
期刊,基于CT影像组学鉴别伴微乳头及实体型结构浸润性肺腺癌,王芬; 张腾; 袁梅,南京医科大学附属淮安第一医院影像中心;南京医科大学附属第一医院放射科;,中国胸心血管外科临床杂志,"目的 探讨基于影像组学特征鉴别伴微乳头及实体型浸润性肺腺癌的价值。方法 回顾性分析2016年4月―2019年8月南京医科大学附属淮安第一医院收治的手术切除且病理证实为浸润性肺腺癌患者的临床资料，将数据集随机以7∶3的比例分为训练集[包括微乳头/实体型阳性组（阳性组）和微乳头/实体型阴性组（阴性组）]和测试集（包括阳性组和阴性组）。由两位医师分别在术前高分辨CT薄层图上绘制感兴趣区并提取影像组学特征。在数据分析前通过组内相关系数评估观察者间一致性，以过采样技术均衡训练集数据，均值归一化处理后，通过最小绝对收缩与选择算子算法对组学特征进一步筛选及建模并进行5折交叉验证。在训练集及测试集分别绘制受试者工作特征（receiver operating characteristic,ROC）曲线以评估模型诊断效能。结果 共纳入340例患者，其中男178例、女162例，平均年龄（60.31±6.69）岁，均为实性病变。训练集238例患者，其中阳性组120例、阴性组118例；测试集102例患者，其中阳性组52例、阴性组50例。组学模型共含107个特征，最终2个特征参与建模，即Original＿glszm＿SizeZoneNonUniformityNormalized及Original＿shape＿SurfaceVolumeRatio。构建的组学模型训练集和测试集的ROC曲线下面积分别为0.863[95%CI(0.815,0.912)]、0.857[95%CI(0.783,0.932)]；敏感性分别为91.7%、73.7%，特异性分别为78.8%、84.0%，准确性分别为85.3%、78.4%。结论 影像组学特征在有或无微乳头及实体型结构浸润性肺腺癌中存在差异，组学评估模型具有较好的诊断价值。",2023/11/29 14:21
期刊,基于网络流时空序列的加密流量分类,唐博麟; 王晨飞; 江帆; 张虎; 徐李阳; 赵文华; 王蕾; 李晓红,国家电网有限公司客户服务中心;天津大学智能与计算学部;,计算机应用与软件,"流量分类问题对于网络资源管理和安全非常重要。然而用户流量经常被加密处理,为流量分类问题带来极大的挑战。为此,提出一种新型的时间序列特征提取方法,用于解决加密应用程序流量分类问题。该方法通过分析数据包的空序列,提取加密网络流量的关键行为特征,并结合自注意力机制的长短时记忆网络来训练并对流量进行分类。为了评估方法的有效性,在公开网络数据集ISCXVPN2016上进行了详细的实验。结果表明,此方法能够显著提高识别加密应用程序流量的准确性和计算效率。",2023/11/29 10:29
期刊,南水北调中线工程水位的水动力-神经网络耦合预测模型,薛萍; 廖丽莎; 廖卫红; 位文涛; 景象,河海大学人工智能与自动化学院;中国水利水电科学研究院水资源研究所;武汉虹信技术服务有限责任公司;天津大学建筑工程学院;,南水北调与水利科技(中英文),"南水北调中线工程通常以闸前常水位调度运行，而水位在闸门调控影响下，多数处于非平稳状态，探索其变化规律对于监测数据和研究方法均有一定限制和要求。监测数据方面，针对大量的高频监测数据选取均值滤波、滑动平均值滤波、递推中位值平均滤波法、滑动小波变换进行数据预处理，提高数据质量、增强数据预测的可行性。研究方法层面，以BP神经网络模型和长短期记忆（long short-term memory, LSTM）网络模型为主体框架，以水动力模型的模拟数据为辅助支撑，对比单神经网络在不同工况下的预测效果，输出水动力-神经网络组合预测结果。结果表明：数据预处理是数据分析和预测的必要环节，高频数据滤波处理再预测可以提高数据预测的精度；均值滤波、递推中位数均值滤波方式对数据预处理的效果最好，指标合理时滤后决定系数（R2）精度均超过0.95，且均方根误差（RMSE）和平均绝对误差（MAE）不超过0.02，准确性高；基于滤后数据进行模型构建，通过对比数据驱动模型和数据-机理双重驱动模型的计算结果，R2维持在0.98附近，RMSE、MAE维持在0.01左右，耦合模型具有更好的稳定性和准确性。",2023/11/29 10:09
期刊,考虑连铸机柔性检修的炼钢-连铸混合粒子群调度算法,李毅仁; 王柏琳; 袁帅鹏; 张卓伦; 李铁克; 王阳,北京科技大学经济管理学院;钢铁生产制造执行系统技术教育部工程研究中心;,计算机集成制造系统,连铸工序是炼钢-连铸的核心，连铸机检修既是炼钢-连铸生产设备可靠性的必要保障，也是影响炼钢-连铸生产连续性的重要因素。本文将连铸机可检修时间为区间值的柔性检修要求引入炼钢-连铸调度中，以最小化炉次间等待时间和设备闲置时间为优化目标，建立了问题的混合整数规划模型，并提出了一种混合粒子群算法。该算法针对粒子群算法在离散问题中容易陷入局部最优的缺点，设计了交叉变异策略和逆向学习策略；为提高迭代效率，设计了对全局最优粒子的模拟退火搜索策略；结合模型中的特殊生产约束和柔性检修约束特征，设计了一种逆序倒推的求解规则。基于实际生产数据进行了对比实验，证明了模型及算法的有效性。,2023/11/29 15:30
期刊,推荐系统中神经网络结合注意力机制研究综述,高广尚,广西民族大学人工智能学院;,计算机工程与应用,探讨神经网络如何结合注意力机制及其变种，以更好地学习用户和物品间的复杂和隐含关系，从而提高推荐的准确性和个性化水平。从多层感知机、卷积神经网络、循环神经网络、自编码器、图神经网络，以及反向传播神经网络这六类典型神经网络出发，研究它们与注意力机制相结合进行推荐的过程，具体结合点击率预测、标签推荐和评论评分预测等典型应用场景进行优缺点分析。通过将神经网络与注意力机制相结合，模型能够聚焦于输入数据中的关键信息，降低对次要信息的注意程度，甚至直接过滤掉无关信息。现有将注意力机制与神经网络结合的推荐模型，在很大程度上能够满足常见的推荐任务需求。但是，这类模型在跨域推荐、深度强化学习推荐，以及多模态推荐等复杂推荐场景中，仍面临一些挑战。例如，跨域推荐需要模型具备迁移学习的能力，强化学习推荐需要进行长期奖励建模。,2023/11/29 15:44
期刊,食品呈味肽的呈味机制及计算机辅助分析研究进展,杨动听; 王晔洋; 杨选; 黄莎; 李伟荣,丽水市农林科学研究院;,食品工业科技,食品呈味肽主要通过与咸味受体ENaC、TRPV1和TMC4、鲜味受体T1R1/T1R3、甜味受体T1R2/T1R3、苦味受体T2R和浓厚感味受体CaSR互相作用引发PLCβ2/IP3或cAMP/PKA等多种途径达成味觉信号转导。分子对接、动力学模拟、虚拟筛选和深度学习等计算机辅助分析技术可以高效、准确、广泛地鉴定和开发新型呈味肽，有效推动营养健康食品产业高质量发展。本文旨在介绍人体味觉感受机制、食品呈味肽呈味机制及计算机辅助药物设计和深度学习等方法在呈味肽领域的最新研究进展，为实现未来大算力时代食品呈味肽研发领域的降本增效和后续深入研究开发新型呈味肽产品提供思路方向。,2023/11/29 15:58
期刊,~(18)F-FDG PET/CT在非小细胞肺癌免疫治疗疗效和预后评估中的研究进展,张倩; 陶秀丽; 吴宁,国家癌症中心/国家肿瘤临床医学研究中心/中国医学科学院北京协和医学院肿瘤医院;,中国肿瘤,"免疫治疗显著改善了晚期非小细胞肺癌（non-small cell lung cancer,NSCLC）患者的生存，但至今仍缺乏有效的生物标志物预测免疫治疗的疗效和预后。18-氟-2-脱氧-D-葡萄糖（18-fluoro-2-deoxy-D-glucose,~(18)F-FDG）PET/CT作为一种无创的功能成像，能够表征全身肿瘤的糖代谢水平，在肿瘤免疫治疗的临床应用中展现出巨大潜力。全文就~(18)F-FDG PET/CT在NSCLC免疫治疗疗效和预后评估中的研究进展进行综述。",2023/11/29 16:46
报纸,预计总投资630亿 京东方拟在成都建8.6代OLED线,王珍,第一财经日报,第一财经日报,京东方在川渝地区投资第8代以上OLED面板生产线的“靴子”终于落地。 11月28日晚，京东方（000725.SZ）公告透露，拟在四川省成都市高新西区投资建设京东方第8.6代AMOLED（简称OLED）生产线项目，预计项目总投资630亿元，以顺应OLED屏从手机、穿戴领域向中尺寸显示领域渗透的,2023/11/29
期刊,基于单片机的校园送餐机器人设计,康泽威; 周莹; 刘铮,广东理工学院;,仪表技术,以STC89C52单片机为核心，设计了一款校园送餐机器人。利用红外避障模块实现寻迹和避障功能，在校园网络覆盖下，由ESP8266无线模块发送指令控制机器人运动，完成指定的送餐任务。测试结果表明，所设计的送餐机器人可代替外卖送餐员完成外卖实物的配送，可节省大量的人力成本，也为疫情防控减轻了压力。,2023/11/29
期刊,起重设备多点无线应变监测系统设计,李丹煜; 惠延波; 刘永刚; 王宏晓; 王瞧,河南工业大学机电工程学院;河南卫华重型机械股份有限公司;,仪表技术,在起重设备作业过程中，其金属结构容易疲劳受损，须对其危险部位进行安全监测。基于STM32单片机设计一款多点无线应变测量系统，以单个应变传感器作为终端节点，多个节点通过LoRa技术将应变数据无线传输至LoRa网关，网关将数据打包后通过Wi-Fi将数据发送至监控中心进行实时监测和数据存储。测试结果表明，该系统的测试应变相对误差在1%左右，符合大部分工程的需求。该设计方案在解决传统有线应变测量布线困难、受限于环境、无法在起重设备作业过程中实时测量等问题上具有较高的实用性。,2023/11/29
期刊,依托信息化教学平台，融合几何美学的计算机辅助设计课程教学改革与实践,谢飞扬,广州商学院艺术设计学院;,设计,"结合参数化产品设计趋势,在计算机辅助设计课程中融合几何美学的产品设计教学实践。课程依托信息化教学平台,探讨如何将几何美学引入到设计教学中,使用参数化设计方法实现了常见的4种构成几何美学特征。使用了线上线下混合式教学模式,结合自主研发的教辅软件来弥补传统教学的不足。课程引导学生利用计算机辅助设计技术展现几何之美,提高设计能力和设计美学价值。得到了具有几何美学的设计模型。该方法能提高计算机辅助产品设计的美学价值,发挥信息化教学优势,提高学习效率。",2023/11/29
期刊,面向通识课程的高校双语教学实践探索――以“计算机网络”课程为例,鲍东星; 汪国强; 蒋爱平,黑龙江大学;,黑龙江教育(理论与实践),通过对通识课、双语课课程特点的分析，结合当前培养国际化创新复合型人才的目标，文章探讨了如何在现有教育环境、教学资源条件下，以通识课为切入点，在高校开展通识课双语教学的路径和方法。以“计算机网络”通识课双语教学实践为例，综合考虑通识课、双语课教学目标及授课对象特点，在教材选定、教学内容、教学语言、教学方法、教学效果等方面精心设计，注重教学过程中对学生计算机网络知识的掌握及英文理解、表达能力的培养，实现从“学”英语到“用”英语的教学理念的转换，达到良好的教学效果。,2023/11/29
期刊,土石混合体边坡的稳定性与大变形破坏分析,许宵; 王顺; 李典庆; 江健宏; 庄培芝,武汉大学水资源工程与调度全国重点实验室;武汉大学水利水电学院;山东省交通规划设计院集团有限公司;山东大学齐鲁交通学院;,武汉大学学报(工学版),土石混合体边坡在自然界中广泛存在，其变形、破坏会对人类的生命财产造成重大损失。忽略块石的作用将其视为均质土坡进行研究往往过于简化。编制二维土石混合体边坡几何模型生成程序，采用极限平衡法、光滑流体动力学方法进行稳定性、大变形破坏分析，以研究块石含量对稳定性和冲击力的影响。为预测稳定性系数并计算失效概率，构建了深度神经网络模型。研究结果表明：当块石含量低于10%时，块石对边坡稳定性的影响很小；构建的神经网络模型能预测稳定性系数且相对误差在11%以内，可用于计算失效概率；冲击力时程曲线取决于块石含量、滑坡体方量、建筑物位置等多种因素。研究成果可为土石混合体滑坡的防灾减灾工作提供理论支持。,2023/11/29
期刊,基于混合教学模式的多层次形成性评价研究――以计算机硬件基础课程为例,崔丽群,辽宁工程技术大学;,高教学刊,基于国家一流本科课程线下课程计算机硬件基础，优化课程知识体系，建立面向校内和校外不同的课程数字资源。明确基于混合教学模式教学流程中各个阶段的评价内容，形成多层次的形成性评价。通过课程的教学实践，达成课程的能力培养目标，证明形成性评价的有效性。,2023/11/29
期刊,课程思政在计算机控制系统教学中的应用探索,刘彦文; 高洪涛; 丁继成; 曾薄文,哈尔滨工程大学;,高教学刊,该文结合学校“三海一核”的船海特色背景，围绕自动化专业核心课计算机控制系统的课程大纲和教学目标，探索如何将课程思政融入以计算机控制系统为例的专业核心课授课内容中，通过多方面、多角度对思想政治元素的挖掘和提炼，实现课程思政教育与专业课程教育的融合统一，进而提升工程学子的文化素养，丰富他们的精神内涵，为培养具备创新能力和专业素质的“三海一核”及其相关领域的新时代科技人才奠定基础，对自动化相关专业课程的思政建设，有一定的参考意义。,2023/11/29
期刊,基于TEE的机载嵌入式数据安全技术研究,张萌; 陈水忠; 徐恺; 张宗正,空基信息感知与融合全国重点实验室;中国航空工业集团公司洛阳电光设备研究所;,电光与控制,针对机载嵌入式系统实时性要求高、硬件资源受限、数据与任务安全防护薄弱的特点，本文对基于TEE的机载嵌入式数据安全技术展开研究，安全加固防护的对象为机载嵌入式系统中数据全生命周期的三个阶段，即数据存储、数据传输和数据使用的全过程。基于TEE环境特有的数据隔离特性，本文方法将数据存储中的加密算法、数据传输中的签名验签程序、数据使用过程中的敏感数据和敏感应用等与通用执行环境隔离起来，保证了不同任务之间安全可靠地处理关键数据，并对其中用到的加密算法进行精简，在硬件资源受限的前提下保证了较好的实时性。仿真结果证明，本文方法安全性高，可靠性强，效率较以往方法有优化。,2023/11/28 7:00
期刊,改进YOLOv7的结直肠息肉检测算法,薛钦原; 胡珊珊; 胡新军; 严松才,四川轻化工大学机械工程学院;四川省人民医院消化内科中心;,计算机工程与应用,计算机辅助诊断对提高息肉诊断准确率和降低结直肠癌死亡率至关重要，但息肉形态各异，息肉类似物和肠内的复杂环境导致目前的方法存在较多的误诊和漏诊。因此提出了一种改进的YOLOv7结直肠息肉检测算法(YOLOv7-IDH)，首先，使用含隐式知识的高效解耦头，充分利用隐含信息并防止分类和回归任务之间相互干扰；然后，引入全局注意力机制，增强模型对浅层特征的提取能力；最后，对SPPCSPC模块进行优化，减少模型参数和提高收敛速度。实验结果表明，改进模型在组合数据集上的F1分数和mAP@0.5分别达到了94.8%和97.1%，可以满足息肉自动检测的要求。,2023/11/28 7:38
期刊,基于加权多头并行注意力的局部遮挡面部表情识别,郭胜; 蔡姗; 邹雪; 周珍胜; 王林,贵州民族大学数据科学与信息工程学院;贵州民族大学贵州省模式识别与智能系统重点实验室;,计算机系统应用,"面部表情识别在诸多领域具有广泛的应用价值,但在识别过程中局部遮挡会导致面部难以提取有效的表情识别特征,而局部遮挡的面部表情识别可能需要多个区域的表情特征,单一的注意力机制无法同时关注面部多个区域特征.针对这一问题,本文提出了一种基于加权多头并行注意力的局部遮挡面部表情识别模型,该模型通过并行多个通道-空间注意力提取局部未被遮挡的多个面部区域表情特征,有效缓解了遮挡对表情识别的干扰,大量的实验结果表明,本文的方法相比于很多先进的方法取得了最优的性能,在RAF-DB和FERPlus上的准确率分别为89.54%、89.13%,在真实遮挡的数据集Occlusion-RAF-DB和Occlusion-FERPlus的准确率分别为87.47%、86.28%.因此,本文的方法具有很强的鲁棒性.",2023/11/28 7:42
期刊,基于图像的野生动物检测与识别综述,柯澳; 王宇聪; 胡博宇; 林琦; 李勇; 双丰,广西大学电气工程学院;,计算机系统应用,"野生动物监测对于野生动物保护和生态系统维护至关重要,而野生动物的检测与识别是实现监测的核心技术.近年来,随着计算机视觉技术的迅速发展和广泛应用,基于图像的非接触式方法在野生动物监测领域引起了广泛的关注,研究人员提出了各种方法来解决该领域的不同问题.然而,野外环境的复杂性使得对野生动物进行精确检测和识别仍具有一定的挑战.为了推动该领域的研究,本文对现有的基于图像的野生动物监测方法进行了综述,主要包括3个部分:野生动物图像获取方法、野生动物影像预处理方法以及野生动物检测与识别算法.文章按照图像数据集和野生动物检测与识别算法的不同处理机制对这些方法进行了探讨和分类.最后,本文对基于深度学习的野生动物监测研究热点与存在问题进行了分析和总结,并对未来的研究重点提出了展望.",2023/11/28 7:43
期刊,差分编码与神经网络辅助的OFDM系统信道估计方法,卿朝进; 凌国伟; 王莉; 胡文权; 陈金良,西华大学电气与电子信息学院;西华大学航空航天学院;,电子学报,正交频分复用系统中，用于信道估计的导引占用宝贵的传输资源且消耗用户设备发射机能量。为应对这一困境，提出差分检测与神经网络相结合的信道估计方法。在发射端，将发送数据进行差分编码。在接收端，将差分译码后的数据视为发射的导引，借助面向判决信道估计思想，捕获信道估计的初始特征；在捕获到的初始特征的辅助下，构建增强信道估计网络（enhanced channel estimation network， En-CENet），融合差分与神经网络捕获的信道特征，改进信道估计精度。仿真结果表明，相对导引辅助信道估计和机器学习叠加信道估计方法，本文方法在提高系统频谱效率、节省发射机能量消耗、降低接收机计算复杂度和运行时间的同时，改善了信道估计精度。,2023/11/28 7:58
期刊,风格迁移算法在艺术文创产品设计中的应用,徐术珂; 王智薇; 吴倩,西南民族大学;四川工商学院;,包装工程,目的 针对图像智能生成中图像风格的多元性问题，探索能够生成特定风格图像的智能生成方法。方法 以抽象和具象图像结合为研究对象，让计算机将两种风格迁移，并重构出保留特定风格的图像，从而得到其中捕捉画面特定风格的图像。结果 生成的图像质量较高，具备抽象图案和具象图案相互结合的特点。结论 生成对抗网络对绘画艺术作品的特定风格的学习，用风格迁移智能生成图像，取得了较好效果，进而能够减少创意图像制作的重复性操作，提高图像利用的艺术性和丰富性，为智能赋能图像的再创造提供了新思路。,2023/11/28 8:50
期刊,基于狄利克雷变分自编码的深度嵌入聚类,李必嘉; 吴昊F,重庆师范大学数学科学学院;重庆师范大学重庆国家应用数学中心;,重庆工商大学学报(自然科学版),【目的】基于深度神经网络的聚类模型由于能从原始数据中学习到有效的特征，在各种无监督应用中受到广泛关注。针对现有的基于自编码的聚类模型没有生成能力，以及基于变分自编码的聚类模型通常是以高斯分布作为先验，限制了对多模态特征的表达能力问题。【方法】提出了一种深度嵌入聚类模型――DVADEC(Deep Embedded Clustering based on Dirichlet Variational Autoencoder)，该模型将狄利克雷变分自编码器的表征学习能力和嵌入聚类的聚类能力结合到一个统一的模型中。首先，在预训练阶段利用狄利克雷分布的多模态特性，将其作为先验分布来指导隐变量的学习过程；然后，将训练好的权重加载到聚类模型中，并通过在隐藏空间中嵌入聚类层来进行类别分配；最后，通过交替优化目标函数来微调网络，以提升聚类结果。【结果】实验结果显示，DVADEC模型在四个基准数据集上展现出较好的聚类性能，其中在MNIST图像数据集上达到了97.13%的准确率，在REUTER-10K文本数据集上达到了80.1%的准确率。另外，可视化结果显示潜在特征具有明显的可分性，且根据特征生成的样本轮廓清晰、平滑多样。【结论】DVADEC模型融合了生成能力和多模态特征的表达能力，并显著提高了特征提取和聚类性能，为数据挖掘和模式识别领域提供了新的思路和技术手段。,2023/11/28 9:01
期刊,基于随机配置网络的变速趋近律滑模控制,张啸涵; 乔景慧; 陈宇曦,沈阳工业大学机械工程学院;,控制工程,为解决因外界干扰、模型不准确及滑模控制的不连续开关特性引起的系统抖振的问题，提出一种基于随机配置网络(SCNs)的变速趋近律滑模控制器。首先，设计了零点斜率可调的切换函数(dsat)，根据系统状态与滑模面的距离自适应地调整切换项的值，降低了系统抖振。由于系统具有不确定性，引入SCNs对系统的非线性项进行逼近，并通过设计隐层节点输入参数的配置范围，提高SCNs的逼近能力。最后，通过一个二阶非线性系统的仿真实验验证算法可以有效的降低系统抖振。,2023/11/28 12:55
期刊,交叉特征融合和RASPP驱动的场景分割方法,朱新杰; 熊风光; 谢帅康; 宋宁栋; 李文清,中北大学计算机科学与技术学院;中北大学山西省视觉信息处理及智能机器人工程研究中心;中北大学机器视觉与虚拟现实山西省重点实验室;,计算机系统应用,"本文针对场景中目标多样性和尺度不统一等现象造成的边缘分割错误、特征不连续问题,提出了一种交叉特征融合和RASPP驱动的场景分割方法.该方法以交叉特征融合的方式合并编码器输出的多尺度特征,在融合高层语义信息时使用复合卷积注意力模块进行处理,避免上采样操作造成的特征信息丢失以及引入噪声的影响,细化目标边缘分割效果.同时提出了深度可分离残差卷积,在此基础上设计并实现了结合残差的金字塔池化模块――RASPP,对交叉融合后的特征进行处理,获得不同尺度的上下文信息,增强特征语义表达.最后,将RASPP模块处理后的特征进行合并,提升分割效果.在Cityscapes和CamVid数据集上的实验结果表明,本文提出方法相比现有方法具有更好的表现,并且对场景中的目标边缘有更好的分割效果.",2023/11/28 14:40
期刊,基于GA-GRNN地应力场反演的超长深埋隧洞围岩稳定性研究,郭冲; 王翰盛; 邓伟杰; 赵顺利; 杜卫长,江河工程检验检测有限公司;黄河勘测规划设计研究院有限公司;杭州华进联浙知识产权代理有限公司;,人民珠江,基于超长距离引调水工程地质条件及实测地应力资料，建立了工程引水线路初始地应力场三维反演计算模型。通过遗传算法优化广义回归神经网络方法（GA-GRNN），较为准确地反演了工程引水线路的初始地应力场。基于初始地应力场，对长距离引水线路地应力进行分区，并在各分区选择典型断面进行隧洞围岩稳定分析。研究结果表明，工程区应力场以多隆沟断裂带为界，西侧为水平构造应力区，极高地应力区和高地应力区多分布于地质构造带附近，需注意应力释放导致的岩爆发生；多隆沟断裂带东侧为自重应力区，中等地应力区多分布于此，围岩稳定性相对较好。,2023/11/28 14:46
期刊,基于人工神经网络的大坝安全风险评价研究,饶绍立; 万思源; 周志维,江西省樟树市水利工程服务中心;江西省水利科学院;,江西水利科技,针对大坝风险评价方法数据融合欠佳、主观性较强等问题，本文通过疏理大坝风险破坏模式及溃坝路径，利用关键路径及关键事件，提出了多源信息融合的大坝风险评价新思路。基于神经网络理论，构建了大坝风险评价模型。案例分析表明：该模型精度高，可靠性强，有效改善了传统风险机理模型需要专家主观评测的缺点，为水库开展风险评价提供新的方法。,2023/11/28
期刊,基于LabVIEW的实时温度采集系统设计,梅育青; 贾雄,中国长江电力股份有限公司;,仪表技术,利用LabVIEW程序开发环境和STC89C52RC单片机设计开发了温度采集与监控系统。采用单总线DS18B20作为温度传感器，将温度的变化转变为数字信号，由单片机通过串口送入上位机；以LabVIEW作为开发平台，利用VISA调用串口程序读取数据，对采集到的温度数据进行实时处理、显示、存储和报警。该系统有效结合测量技术、计算机技术、监测技术和虚拟仪器技术，完成对设备的高效控制和监测，适用于数字工厂、农业大棚等需要温度监测的场所，具有广阔的应用前景。,2023/11/28
期刊,基于机器视觉的古籍修复装置设计,王红; 孙少明; 孙根基; 阚涛,中国科学院合肥物质科学研究院;中国科学技术大学;中科合肥技术创新工程院;,仪表技术,为了提高当前纸质古籍修复的智能化程度，减少人力和物力的消耗，提出一种基于机器视觉的古籍修复装置。系统包括机械结构、硬件电路和软件开发3个部分，上位机以Qt和OpenCV视觉算法库为基础进行开发，下位机以STM32为控制核心，最终实现纸张破损识别和激光切纸等功能。结果表明，该系统运行稳定，识别与切割准确，以期为未来纸质古籍全自动修复机器人的开发提供基础条件。,2023/11/28
期刊,基于STM32的老年人群智能防摔穿戴设备设计,张宇豪; 肖新宇,广东理工学院电气与电子工程学院;,仪表技术,如今人口老龄化现象严重，老年人群的自身状态颇受人们关注。为了满足老年人对护理的需求，减少因跌倒未能及时得到救助而导致伤害或死亡的情况，设计了一款以STM32单片机为核心，借助ADXL345三轴加速度传感器进行支持的智能摔倒检测报警装置，使用Matlab模拟加速度传感器的输出，并在仿真中模拟摔倒情况。实验结果表明，该装置可以实现自动实时人体姿态检测、报警提示、通知紧急联系人等功能，可以为老年人提供更多的生活保障。,2023/11/28
期刊,面向生命体的车载防窒息预警装置设计,张敏; 叶玮俊; 周厚伟; 林凯,广东理工学院电气与电子工程学院;,仪表技术,针对在高温状态下车内出现氧气不足或窒息等安全隐患，设计了一款以单片机为核心控件，配合温度传感器、氧气传感器及红外线传感器等检测器件的车载防窒息预警装置。根据预警装置的设计思路，提出了系统硬件设计、流程设计的具体方案。仿真与调试显示：当汽车长时间处于静态状态时，即刻启动预警装置；当识别到车内温度过高或氧气不足且感知到车内有生命体时，预警装置将自动发出声光警报，并通过全球移动通信系统及时向车主手机拨打虚拟电话和发送短信进行提醒。该装置灵敏度高、稳定性好、兼容性强、基础成本低、安全可靠，可确保车内生命体安全，在汽车安全市场具有较大的发展前景。,2023/11/28
期刊,基于ArcGIS与多因子模型的光伏电站选址评估,王海金; 唐若笠; 周雨诗; 张彦,武汉理工大学船海与能源动力工程学院;武汉理工大学交通与物流工程学院;,太阳能学报,该文基于中国光伏资源的时空分布，研究并提出一种基于ArcGIS与多因子评价的光伏电站选址及发电潜力预测模型。利用ArcGIS软件与层次分析法，综合考虑多种影响大型光伏电站建设的因素，对不同地势和土地类型赋予不同的光伏利用系数，得到大型光伏电站建设适宜度、光伏潜力与光伏电站选址的多因子评价模型。基于该模型得出中国光伏发电潜力并给出光伏电站选址建议。评估结果表明，全国年光伏总发电量约为570.07×10~6kWh，其中新疆为年光伏总发电量最高的省份。中国较为适宜建设光伏电站的地区主要为西北部地区，其中适宜区面积为1.08×10~6km~2，最适宜区面积为2.10×10~5km~2，研究可结果将为中国光伏产业长期的规划与建设提供可靠的理论依据。,2023/11/28
期刊,基于C-DWT和FFNN的风电场接地故障诊断方法,张成义; 高兴; 闫立鹏; 王晓东,上海发电设备成套设计研究院有限责任公司;沈阳工业大学电气工程学院;,太阳能学报,为及时、准确地检测风电场交流输电线路的接地故障并对其进行分类，同时解决故障电阻、故障起始时刻和故障位置给故障诊断精度带来的影响，提出一种基于Clarke变换、离散小波变换（DWT）和前馈神经网络（FFNN）相结合的风电机组交流输电线路故障检测及分类方法。该方法通过Clarke变换对测量的三相电压信号进行分解生成γ分量、α分量和β分量，采用DWT就3个分量进行高频分量的提取，将5种统计学方法应用于高频分量D1，生成最终故障特征值。将γ分量的故障特征值和γ分量、α分量和β分量的故障特征值分别与FFNN相结合以实现精准的风电机组接地故障检测和分类。通过1400个故障案例验证该方法可不受故障电阻、故障起始时刻和故障位置的影响，有效对风电场交流输电线路进行故障诊断。,2023/11/28
期刊,三维建模技术在河流自然资源确权登记中的应用,李伟; 姚文举; 王道顺; 石信肖,山东省鲁南地质工程勘察院(山东省地质矿产勘查开发局第二地质大队);高分辨率对地观测系统济宁数据与应用中心;,地理空间信息,2020年起各地相继开展河流自然资源确权，二维确权向三维确权过渡，实现自然资源立体化管理。以彭河自然资源确权为例，探索了多源三维建模技术在河流自然资源确权登记中的应用。结果表明，以地理信息系统为承载，以倾斜摄影、机载激光扫描、单波束测量等技术构建的水上、水下三维地理场景为底图，结合登记单元、权属界限等矢量数据构建的河流自然资源三维立体一张图，在确权登记工作中具有良好应用。,2023/11/28
期刊,以赛促学、以证促学教学模式的改革与实践――以计算机网络基础课程为例,尹沧涛,延边职业技术学院;,湖北开放职业学院学报,《计算机网络基础》作为高职院校的计算机应用技术专业课程，在实际课程教学中，由于学生生源不同、基础参差不齐、学生对课程认知不足、学校多采用合班上课、灌输式教学等原因，计算机网络基础课的教学质量无法达到预期。高职院校应对《计算机网络基础》课程做相应的教学改革，引入1+X证书制度，以“以证促学”的模式改变学生对计算机网络基础课的认知，从而提高学习兴趣，实现计算机网络操作能力的有效提升。,2023/11/28
期刊,基于声发射及WST-CNN协同的滑动轴承润滑状态识别,卢绪祥; 刘顺顺; 陈向民; 张亢,长沙理工大学能源与动力工程学院;,振动与冲击,"为实现声发射信号对滑动轴承润滑状态变化进行灵敏表征，提出一种采用小波散射变换及卷积神经网络结合的滑动轴承润滑状态识别及故障诊断研究方法。以某310 MW汽轮发电组滑动轴承现场试验所得声发射信号为研究对象，将现有小波散射网络加入散射路径优化机制并进行参数优化，对滑动轴承声发射信号进行自动鲁棒特征提取，将最佳特征矩阵输入优化后的卷积神经网络进行润滑状态识别分类。结果表明，优化后的小波散射网络能够有效提取声发射信号特征，结合优化后的卷积神经网络对特征矩阵进行智能识别，对滑动轴承润滑状态识别率可达到95.28%,能够高效精确地对滑动轴承润滑状态进行诊断。",2023/11/28
期刊,档案管理软件的应用研究,王英忠,通榆县劳动保障监察大队;,兰台内外,经过长期发展，计算机技术融入了人类生活的方方面面，档案事业同样需要结合档案管理工作的实际需要，构建符合档案管理的基本理，开发规范功能强大的档案管理软件，进而提高工作效率、降低成本、促进事业发展。本文从档案管理软件的内涵与特点入手，简要概述了当前应用范围比较广泛的几种档案管理软件，希望能对负责档案管理工作的同人有所帮助。,2023/11/28
期刊,基于多尺度融合CNNs特征和Transformer特征的显著目标检测,朱家群; 王东阳; 顾玉宛; 徐守坤,常州大学计算机与人工智能学院;,常州大学学报(自然科学版),"提出了一种融合深度神经网络和Transformer特征的多尺度结构，目的在于解决在同一场景下出现尺寸不同的目标时，显著目标检测网络性能下降的问题。当处理不同尺度的物体时，由于采样深度和感受野尺寸之间的矛盾，现有方法的表现往往不稳定。为了应对这一挑战，采取了3种不同的采样率对特征图进行采样，并使用Transformer模块来学习全局上下文信息。这种方法可以将卷积神经网络(CNNs)和Transformer两种网络的特性进行有效融合，从而创新性地提出了一种针对多尺度物体的显著目标检测策略。在UHRSD-TE,DUT-OMRON和DUTS-TE 3个公开数据集上的实验结果证明，该方法在处理同一场景下不同尺寸物体的显著目标检测任务上表现优秀。",2023/11/28
期刊,长短时记忆脉冲神经网络手语识别模型,冯一飞; 王青山,合肥工业大学数学学院;,合肥工业大学学报(自然科学版),"手语识别是人机交互领域中的重要问题之一。随着人工智能技术的发展，越来越多的机器学习和深度学习方法被应用在手语识别任务上。文章设计一种轻量级的长短时记忆脉冲神经网络(long short-term memory-spiking neural network, LSTM-SNN)手语识别模型用于识别常用手语。首先提出自适应脉冲编码，将手语信号转化为脉冲信号；接着将脉冲信号输入到改进的带泄漏整合发放(leaky integrate-and-fire, LIF)神经元模型，以时间驱动的方式进行信息传导，完成网络训练。在收集到的101个手语手势数据集上的实验结果表明，该模型准确率达到95.37%,表明该文提出的模型优于其他深度学习和机器学习模型。",2023/11/28
期刊,基于注意力与神经网络的视频流行度预测模型,马学森; 杨智捷; 储昭坤; 周天保,合肥工业大学计算机与信息学院;安全关键工业测控技术教育部工程研究中心;,合肥工业大学学报(自然科学版),"针对传统预测算法预测精度低及难以处理多变量的时序数据等缺点，文章提出一种采用双向长短期记忆(bi-directional long short-term memory, BiLSTM)网络和时间模式注意力(temporal pattern attention, TPA)机制相结合的视频流行度预测模型。双向长短期记忆网络从视频流行度时间序列的正向和反向提取时间特征，时间模式注意力机制从双向长短期记忆网络输出状态的深层特征提取时间模式，有利于视频流行度预测。真实视频数据的实验结果表明，与经典时序预测方法相比，TPA-BiLSTM模型能够有效地降低预测的误差，提高预测的准确性。",2023/11/28
期刊,基于改进ED及CM-BPNN算法的保护测量回路误差状态评估方法,易亚文; 赵静朴; 柳灿; 蒋{{; 李方玖; 李振兴,武汉大学电气与自动化学院;中国长江电力股份有限公司;三峡大学电气与新能源学院;,中国电力,"通过对保护测量回路误差状态进行准确评估，能掌握保护装置运行情况并及时发现保护装置存在的隐患。提出了一种基于改进欧氏距离（euclidean distance,ED）及云模型-BP神经网络（cloud model-back propagation neural metwork,CM-BPNN）算法的变电站保护测量回路误差状态评估方法。首先，对测量数据制定不同指标数据的归一化原则；其次，引入改进欧氏距离作为误差评估的启动判据，根据对保护动作性能的影响程度将误差状态进行等级划分并引入云模型计算二级指标的误差状态隶属度；最后，确定每一种误差状态对应的定位映射结果，完成BP神经网络模型的构建，再以此模型进行保护装置电流/电压未知误差状态的评估和定位。基于PSCAD软件搭建220 kV变电站模型，对所提方法的有效性进行验证。",2023/11/28
期刊,基于机器视觉的GIS隔离开关动作行为可视化观测系统研制,王浩; 姚京松; 董晓虎; 杜勇; 沈小军,国网湖北省电力有限公司检修公司;同济大学电子与信息工程学院;,仪器仪表与分析监测,对于GIS隔离开关的机械状态监测，现行的人工巡视、内窥镜监测、视频监控等方法暴露出速度慢、效率低、人工量大、无法定量分析等问题。本文融合机器视觉传感器与可见光视频，研制了GIS隔离开关动作行为可视化观测系统，实现了开关动作行为的点云量化描述和图像可视化观察，能够量化分析分合闸到位程度，并支持对隔离开关动触头行程距离、运动速率、振动频率等动作参数的精确测量。,2023/11/28
期刊,四维混态、六维转变：智慧工作站混态教学模式研究与实践,范建锋,杭州萧山技师学院;,才智,智能制造技术快速迭代给人才需求带来了结构性变化，数字化技术带来了生活方式、学习方式等的改变。我校智能设计与制造学院进行了基于智能制造工作站的技师学院混态教学改革创新，旨在打破传统课堂教学的限制，实现理论与实践相结合，推动工学一体化的技能人才培养，优化教育教学资源整合，提高教学效果和质量，培养更加适应实际需求的工程技术人才。同时，在探讨现代教育观念下的教育教学改革创新路径，为培养具有创新能力、实践能力和适应性强的工程技术人才提供理论和实践基础。,2023/11/27
期刊,基于灰色-神经网络的民机需求组合预测,庆豪; 方志耕; 王育红; 邱玺睿,南京航空航天大学经济与管理学院;中国商用飞机有限责任公司上海飞机设计研究院;,系统工程与电子技术,民机数量是反映民航运输能力的重要标志，而对民机数量进行预测，能够研究分析未来民航业的发展趋势。本文重点研究了民机需求预测的模型架构和实施方法，首先以2013年到2020年民机数量和其他关键因素作为原始样本，然后把2021年的数据作为检验样本，最后通过构建灰色-神经网络组合预测模型对未来的民机需求进行预测。从预测结果来看，GM(1，1) (Grey Model)模型与BP(Back Propagation)神经网络模型结合效果较好，组合模型预测精度高，充分证明了该模型的有效性和可行性，同时预测结果对分析未来航空运输情况也具有一定的参考意义。,2023/11/27 14:13
期刊,基于KCF算法的带屈曲约束支撑双柱式桥墩振动位移识别,蔡玮; 代红超; 王靖; 包洋洋; 谢文,宁波大学土木工程与地理环境学院;上海房屋质量检测站有限公司;,工程力学,振动位移是桥梁健康监测和状态评估的重要指标之一，而传统的桥梁位移监测手段成本较高、测点有限。本文提出了一种基于KCF算法的低成本非接触式单目视觉系统，其中针对单目相机在监测多个不同景深目标时易造成图像深度信息丢失等问题，建立了一种考虑不同景深的几何比例因子计算方法；然后开展了不同振幅和不同频率地震波作用下带屈曲约束支撑双柱式桥墩振动台模型试验，以激光位移传感器测得的位移作为基准，验证了基于KCF算法的单目视觉系统识别桥梁结构振动位移的可行性、准确性、有效性和鲁棒性。结果表明：基于KCF算法的单目视觉系统有效准确的识别了双柱式桥墩的振动位移；与不同振幅和不同频率地震波作用下激光位移传感器测得的峰值位移相比，KCF算法识别的误差在6%以内；与激光位移传感器测得的位移时程相比，KCF算法识别的位移均方根误差很低；基于KCF算法识别位移的频谱特性与激光位移传感器记录的基本一致。,2023/11/27 15:56
期刊,新型智能化信息处理技术及其运用浅析,王良刚; 郑博元,西南电子技术研究所;,控制工程,当前数据信息呈现井喷式增长，智能化信息处理技术以场景和数据为驱动，凭借其高效的数据信息处理能力，实现了面向多领域的成功应用。以信息安全为研究背景，按照数据模态类型进行划分，对当前研究的热点方向和主要成果进行梳理与总结。而后，分析了研究智能化信息处理技术在网络与社会安全领域中发挥的重要作用与深远影响，为未来开展该技术在信息安全领域中的深化研究和推广应用提供了重要参考。,2023/11/27 17:34
期刊,基于图像的端到端行人搜索算法综述,王翠; 邓淼磊; 张德贤; 李磊; 杨晓艳,河南工业大学信息科学与工程学院;河南省粮食信息处理国际联合实验室;,计算机应用,行人搜索是计算机视觉领域中重要的研究方向之一，其研究目的是在未剪裁的图像库中检测和识别人物。对于行人搜索算法，尽管已有大量算法研究，但总结性研究尚有不足。为深入了解行人搜索算法，对大量相关文献进行了总结与分析。首先根据网络结构的不同，将行人搜索分为两类：一类是传统的两步法，一类是基于端到端的一步法，对一步法的关键技术：特征学习和度量学习进行重点分析和介绍；进一步介绍了行人搜索领域的数据集和评价指标，对主流算法进行性能比较与分析。实验结果表明，两步法虽然实现了很好的性能，但大多数的方法计算成本很高，且耗时较长，而一步法可以在更高效的学习框架中共同解决两个子任务，效果更好；最后对行人搜索算法进行总结，并讨论了未来的发展方向。,2023/11/27 17:54
期刊,白条猪价格预测模型构建,刘合兵; 华梦迪; 席磊; 尚俊平,河南农业大学信息与管理科学学院;,河南农业大学学报,【目的】增强农产品价格预测准确度，为农产品价格的有效预测提供参考。【方法】以河南省白条猪每周平均批发价格为研究对象，提出一种基于序列分解、主成分分析和神经网络（CEEMDAN-PCA-CNN-LSTM）的白条猪价格预测方法。首先，使用自适应白噪声完全集合模态分解方法（CEEMDAN）对白条猪价格序列进行分解；其次，选用皮尔逊相关系数筛选影响价格波动的相关因素；再次，利用主成分分析（PCA）对影响因素及分解得到的子序列降维处理并作为原始价格序列的特征值，并行输入到作为编码器的卷积神经网络（CNN）中进行特征提取，最后，引入长短期记忆网络（LSTM）作为解码器输出得到预测结果。将该方法应用于河南省白条猪每周平均价格数据，与LSTM、门控循环单元（GRU）、CNN、基于卷积的长短期记忆网络（ConvLSTM）模型进行比较。【结果】CEEMDAN-PCA-CNN-LSTM组合模型预测方法得到的平均绝对误差分别降低了44.95%、27.30%、28.13%、43.17%。【结论】CEEMDAN-PCA-CNN-LSTM模型对于河南省白条猪市场价格的预测性能更优，有助于相关部门针对河南省白条猪价格波动做出科学决策。,2023/11/27 18:42
期刊,旋转压合成形数字孪生系统构建及应用,宁玲玲; 郑健; 刘冉冉,山东工程职业技术大学智能制造学院;,锻压技术,"针对口罩生产这种新型旋转压合成形技术生产过程中的数字孪生技术进行了研究。研究阐述了数字孪生在旋转压合生产中的框架和系统组成,利用西门子的NXMCD软件构建了数字孪生模型,并建立了其中的运动关系,在运动关系上利用传感器和模型之间的映射来实现模型的驱动,实现了虚实同步。此外,通过接口将深度学习的神经网络和数字孪生系统结合,实现以虚预实,对传感器的数据源进行不断地迭代,实现了产线的实时优化。这种融合了数字孪生与旋转压合技术的方法,为制造业的智能制造提供了宝贵的数据和参考,推动了生产过程的高效化和智能化。",2023/11/27 19:56
期刊,基于神经算子与类物理信息神经网络智能求解新进展,李道伦; 沈路航; 查文舒; 邢燕; 吕帅君; 汪欢; 李祥; 郝玉祥; 陈东升; 陈恩源,合肥工业大学数学学院;中国科学技术大学;,力学学报,深度学习通过多层神经网络对数据进行学习，不仅能揭示潜藏信息，还能很好的解决复杂非线性问题。偏微分方程（PDE）是描述自然界中许多物理现象的基本数学模型。两者的碰撞与融合，产生了基于深度学习的PDE智能求解方法，它具有高效、灵活、通用等优点。本文聚焦PDE智能求解方法，以是否求解单一问题为判定依据，把求解方法分为两类：神经算子方法和类物理信息神经网络（PINN）方法，其中神经算子方法用于求解一类具有相同数学特征的PDE问题，类PINN方法用于求解单一问题。对于神经算子方法，本文从数据驱动、物理约束两个方面展开介绍，分析研究现状并指出现有方法的不足。对于类PINN方法，本文首先介绍了基础PINN的三种改进方法（基于数据优化、基于模型优化和基于领域知识优化），然后详细介绍了基于物理驱动的两类解决方案：基于传统PDE离散方程的智能求解方案和无网格的非离散求解方案。最后总结技术路线，探讨现有研究存在的不足，给出可行的研究方案。最后，简要介绍智能求解程序发展现状，并对未来研究方向给出建议。,2023/11/27 21:26
报纸,鸿蒙生态圈加速形成：已有170万人参与相关培训,秦枭,中国经营报,中国经营报,继华为发布HarmonyOS（鸿蒙）NEXT开发者预览版（即鸿蒙原生应用）全面启动后，美团、百度、工商银行、中国电信等60多家企业纷纷表示将成为具备独立设计和开发鸿蒙应用能力的开发者。 随着越来越多企业级开发者加入鸿蒙原生应用开发，鸿蒙生态正在快速形成。根据Counterpoint,2023/11/27
期刊,基于神经随机微分方程的期权定价,季鑫缘; 董建涛; 陶浩,西安电子科技大学数学与统计学院;中电科思仪科技股份有限公司;西安电子科技大学网络与信息安全学院;,吉林大学学报(理学版),首先，基于Black-Scholes股票价格模型，通过将资产回报率和波动率分别参数化为漂移网络和扩散网络，建立神经随机微分方程(NSDE)模型；其次，在实证分析中以标的资产为单只股票的期权作为研究对象，采用真实的股票数据进行网络训练和测试，实验结果表明，NSDE模型能克服Black-Scholes模型常数性假设的缺陷；最后，对于期权标的资产价格不可观测的情况，提出可以将任意一个目标期权的价格和一个已知期权的价格约束在其风险中性等价鞅测度的Wasserstein距离内，并在理论上证明该方法.,2023/11/26
期刊,“一流本科教育”背景下计算机科学与技术专业学生创新实践能力培养模式探究,孙冬璞; 唐远新; 林克正,哈尔滨理工大学计算机科学与技术学院;,教书育人(高教论坛),建设一流本科教育是大学内涵式发展的需要和目标，振兴本科教育，全面提高人才培养能力，走内涵式发展道路，是我国高等教育发展的必由之路。一流本科教育中的人才培养应以学生创新实践能力的培养为核心。本研究分析了当前关于学生创新实践能力培养的研究现状，探讨了计算机科学与技术专业的人才培养模式，提出“多维一体”的教学实施机制，对其中采用的“以赛促学、以用促学”的实践路径和激励措施进行了阐述，以期为大学生创新实践能力培养提供参考。,2023/11/25
期刊,基于人工智能计算机视觉技术的大棚监测系统实现,周静,贵阳信息科技学院;,智慧农业导刊,"近年来，人工智能技术在核心技术以及典型应用上均已出现优越的进展。为有效满足人们对大棚环境的监测和预警需求，该设计利用树莓派（Raspberry PI）搭配DHT11温湿度传感器、摄像头及MQ-2烟雾探测器等器材作为监测设备，搭建基于人工智能计算机视觉技术的大棚监测系统。该系统运用消息队列遥测传输（Message Queuing Telemetry Transport,MQTT）、超文本传输协议（Hyper Text Transfer Protocol,HTTP）和实时消息协议（Real Time Message Protocol,RTMP）作为通信协议，在基于计算机视觉技术的大棚监测系统上实现温湿度、烟雾气体和实时视频图像等数据的采集及报警信息的显示。经过测试，该系统运行稳定，环境数据信息采集准确。",2023/11/25
期刊,人工智能驱动的农业采摘机器人自动化控制系统设计,刘萍,西安交通大学城市学院;,自动化与仪表,针对农产品采摘人力不足的问题，该文设计了人工智能驱动的农业采摘机器人自动化控制系统。在农业采摘机器人主体结构中安装多种传感器，采集测量数据及工作图像；通过传输层无线通信模块将所采集数据及图像传输至控制层；控制层利用微控制器处理数据，获取采摘机器人位置与姿态数据，将该数据输入至PID控制算法中，再采用BP神经网络优化PID控制算法，输出最佳PID控制参数；应用层电机驱动模块接收到控制参数后，依据控制参数自动控制运行动作，实现自动化控制。实验结果表明，该系统可以精准控制采摘机器人运行，且控制精度在0.99以上。,2023/11/25
期刊,信创背景下高校人才培养模式与基础硬件课程改革探究――以计算机系统结构为例,刘亚秋; 卢洋; 牛娜; 邢超军,东北林业大学计算机与控制工程学院;龙芯中科技术股份有限公司;,黑河学院学报,以东北林业大学为例，解决“信创”背景下计算机基础硬件人才培养中存在的突出问题，深化课程思政、校企协同，改革计算机系统基础硬件的相关课程教学模式、课程内容、实践方法、创新平台，增设“自主空间”平台开发知识，融入“信创+”思想，形成多维度校企融合人才培养新模式和课程方案，并以专业核心课计算机系统结构为例进行成果应用和试点运行，成效显著。,2023/11/25
期刊,基于PSO-LSTM神经网络的沙坪水电站水位预报方法研究,韩利国,阳泉市水文水资源勘测站;,水利技术监督,径流式水电站广泛存在于梯级水库中。其来水和水位预报受诸多水力和机组特性控制因素影响，变化趋势具有较强的非线性和随机性，难以用传统水动力模型准确模拟。水位高精度预报问题已成为制约水电站精细化运行的一大障碍。提出了一种基于多层长短记忆神经网络(LSTM)神经网络的水库水位预测新方法，并采用粒子波优化算法(PSO)优化LSTM模型的超采纳数。建立了LSTM水位预测模型，并应用于沙坪水电站水位预测。将其结果与水平衡模型的模拟结果进行了比较。结果表明，该PSO-LSTM神经网络模型具有较高的精度。同时利用数据驱动模型运行，从而避免水电站自身静态曲线对预测结果的影响。该方法具有较大的实用价值。该研究可为实现径流逆调节水电站的水位预报、出力调节、机组调度优化、智能闸门控制等提供重要参考。,2023/11/25
期刊,一种可支持不同CPU架构的仿真器,景鑫; 沈金祥; 李昊,无锡先进技术研究院;,工业控制计算机,为特定指令集进行软件移植通常以某典型架构（如AArch64）为模板进行重构，然而理解并运用不同平台架构的计算机，进行软硬件协同开发较为困难。从计算机架构的基本概念入手阐述了一种可支持不同类型CPU的软件仿真器框架，该框架可模拟不同指令集的运行结果，在一定程度上提高了移植效率。,2023/11/25
期刊,基于注意力机制的改进LSTM模型的地铁客流预测研究,李树青,广东工业大学自动化学院;,工业控制计算机,介绍了一种基于注意力机制的改进LSTM模型，并分析对比其他模型的结果。使用了上海地铁刷卡数据作为数据源，经过时序处理后的时间序列数据作为模型的输入，通过模型的训练以及参数设置，对比各个模型的实验分析结果，证明了该模型的精确性。,2023/11/25
期刊,单板计算机APCI5094的替代研究,张文婷,中国电子科技集团公司第二十九研究所;,工业控制计算机,在某型天线转台伺服系统改进项目中，以DSP为算法处理器、FPGA为接口处理器设计控制电路，原位替代了停产的康拓公司486单板计算机APCI5094和8路异步串口板APCI5654的组合，实现了伺服控制软件的升级。,2023/11/25
期刊,基于FINS协议的计算机与PLC以太网通信,吕琳; 王凤杰,莱芜职业技术学院;,工业控制计算机,FINS协议用于OMRON的CompoBus/D、Controller Link、Ethernet等网络以及网络之间的通信。简要介绍了FINS协议，研究了基于FINS协议实现上位机和PLC以太网通信的方法。PLC选用OMRON CP1H型机，上位机采用Visual C++6.0编程，调用FINS指令向PLC发送命令，与PLC进行信息交换。给出部分程序代码。该方法可为进一步开发PLC监控系统提供了有价值的参考。,2023/11/25
期刊,基于张量分解与网络权重的终端数据同分布识别算法,陈欣琪,广东工业大学自动化学院;,工业控制计算机,联邦学习协调多个异地终端使用当地用户数据训练神经网络，并用服务器收集已训练的网络权重更新全局神经网络。联邦学习无须收集用户数据，保护了用户隐私，且利用了用户数据训练网络。然而，由于用户偏好的差异，用户数据常不满足同一分布，导致无法使用一个全局神经网络拟合所有数据。为了让服务器能依据终端训练的权重识别数据分布，用不同网络拟合不同分布的终端，提出一种基于张量分解的算法仅使用网络权重识别含相同数据分布的终端。将终端所训练的神经网络权重表示为高维度张量，并使用张量分解自适应地寻找潜在最优子空间，学习每个权重更具辨识性的新表征，对新表征聚类以识别出具有相同数据分布的终端。使用多个数据集验证了该算法对终端数据分布一致性识别的高效性。,2023/11/25
期刊,基于单片机与Proteus植物补光系统设计及仿真,卢敏; 李俊芳,西南交通大学希望学院;,工业控制计算机,为了提高植物的光合作用，采用Proteus平台设计及仿真了以STC89C52单片机为主控制器的植物补光系统。该系统通过光敏电阻模拟光强信号，用温度传感器采集温度，再通过程序控制进行补光。该系统体积小、功耗小，适合室内环境补光，具有较好的应用前景。,2023/11/25
期刊,多功能吃药小助手的设计与研究,孙祥铭; 王东霞; 周静妍,南京工程学院自动化学院;,工业控制计算机,目前社会上中老年慢性病患者越来越多且需要长期服药，需要家属或护工进行长期监护服药。为节约监护的时间和经济成本，设计了一款软硬件一体的吃药小助手。设计实现了在线导入处方、分拣配药、自动出药、服药提醒、信息互联、远程监护等功能，可有效保障患者的服药安全，节约监护的时间成本和经济成本。,2023/11/25
期刊,高职英语ESP新媒体辅助教学应用分析,王娅琼,山西通用航空职业技术学院;,新闻研究导刊,随着新媒体技术的迅速发展，人们的生活与工作方式发生改变，社会逐渐认识到新媒体在教学领域的应用价值，不断探索将新媒体作为教学辅助工具的方法，创新开展教学工作的方式，并取得显著成果，新媒体在教学中的应用范围逐渐扩大。高职院校作为人才培养的主要场所，旨在培养职业素养较高的专业人才，同时要求学生具有较高的英语水平，因此院校应重视新媒体在英语ESP教学中的应用，适应英语ESP教学需要创新教学方式，提高英语教学质量，使学生掌握英语知识运用能力，达到高职院校的人才培养目标，提高高职学生的就业率。文章结合英语ESP基本概念，分析新媒体辅助教学的优势，从转变教学理念、增加资金投入、完善培训制度、引入虚拟现实技术、应用计算机辅助技术、创新考核方式等方面，提出在英语ESP教学中运用新媒体的策略，凸显新媒体在英语ESP教学中的应用价值，增强高职英语ESP教学的趣味性，扩充学生的英文知识储备量。新媒体辅助英语ESP教学，能够改变英语ESP课堂教学氛围，凸显课程的实用性特点，与专业知识密切相关，使学生从中感受到英语学习的乐趣，降低学生的学习难度，通过学习熟练掌握专业相关英语知识的运用能力，成长为符合社会需要的高素质人才。,2023/11/25
期刊,计算音系学：原理、方法及未来发展,赵永刚; 黄捷,西安外国语大学英文学院;,外国语文,计算音系学是计算语言学的一个分支，自然语言处理中的文语转换、语音合成和语音识别都与其密切相关。本文首先对计算音系学及其研究对象进行详细介绍，接着详细分析了计算音系学的两种主要研究方法――有限状态模式和联结主义方法，最后依据国内外音系学研究现状，指出自然语言处理以及计算机科学研究应更多地关注和研究自然语言的音系现象，利用数学、逻辑学等工具，多维结合，共同推进人工智能的发展。,2023/11/25
期刊,医院计算机技术应用与网络组成分析,李海青,上海市宝山区中西医结合医院;,数字技术与应用,<正>在信息时代背景下，各种新型信息技术不断被研发出来，对人们生活、工作等方面带来极大便利。从医院运营的角度来讲，其具有就诊人流量大的特征，普遍存在就医难、管理难的问题，如何提高患者就医诊疗效率、医疗服务质量、尽量减轻医护工作者的工作负担、减少医患矛盾、提高就医满意度等迫在眉睫。通过引入计算机网络技术与信息化手段能够较好地解决上述问题。就此本文通过对医院计算机技术应用与网络组成进行探讨，以供参考。,2023/11/25
期刊,基于视觉胶囊药板检测系统的关键技术应用,于玲; 杜向军,天津轻工职业技术学院;天津工业大学;,数字技术与应用,<正>药品安全一直是人们非常关心的问题，且药品的质量检测也是药品生产过程中的重要环节，从而可以保证药品的安全生产与使用。同时，药品的外观检测也是重要环节之一，由于药品的需求量大，质量检测要求很高，人力检测具有不确定性，缺乏准确度。因此，采用机器视觉技术应用于药品的外观检测既克服人工检测的弊端，又提高了其准确度与工作效率，同时也能降低企业的成本，是药品检测发展的趋势。而随着药品检测标准的提高，以及胶囊药物越来越大的检测量，传统的人工检法已经难以满足胶囊生产厂家的需求。使用计算机视觉检测技术来代替人工已经是一种趋势，机器视觉作为一种无损、非接触式的检测手段，能在提高胶囊生产效率的同时，保证胶囊的整体质量。,2023/11/25
期刊,计算机办公软件在办公室的运用分析,林洋,吉林省集安市住房和城乡建设局;,数字技术与应用,<正>随着科学技术的不断发展，计算机办公软件为办公室工作提供了更多的便利，使工作在自动化环境下，能够切实运用计算机软件对道路工程和城市规划项目进行整体建设，并利用CAD和BIM等相关软件进一步加强建模设计和图纸审查工作，促使办公室呈现出高效率的工作形式。此外，计算机办公软件的应用还能够进一步加强办公自动化环境的塑造，并最大程度上实现工程资源共享和信息资源流通，使办公室工作变得更加科学和有效。,2023/11/25
期刊,计算机应用技术与信息管理应用分析,刘忠党,大连财经学院;,数字技术与应用,<正>计算机应用技术发展为行业发展及技术革新提供有力支撑。信息管理应用则是以计算机技术为核心，实现对数据信息管理的进一步优化，提升数据信息应用的经济效益与社会效益。本文探究计算机应用技术的信息管理应用模块设计，充分结合计算机应用技术的软件程序与硬件设备，采用独立开发Python语言信息管理系统程序的方式进行应用策略分析，以期提升计算机应用技术在信息管理应用中的实用价值。计算机应用技术的发展普及，极大地提升了信息技术的数字化应用水平，对于加强信息管理服务及信息管理技术优化起到推进作用。,2023/11/25
期刊,计算机信息化技术应用探究及风险防控,罗勇为,惠州学院;,数字技术与应用,<正>近年来，我国计算机技术得到了快速的发展与普及。计算机信息技术的广泛应用不仅改变了人们的日常生活，同时还有效地推动了我国经济社会的进步。然而就当下来看，一些先进的计算机技术在应用过程中产生了各种各样的问题，社会大众也开始广泛关注起计算机安全问题。从目前计算机信息技术的实际应用情况来看，由于受到各种主客观因素的影响，导致计算机信息技术的实际价值难以得到有效的发挥，在一定程度上对于我国经济社会的长远发展造成了十分不利的影响。为此，在计算机信息技术具体应用与管控的过程中，相关工作人员需要最大程度地提高企业以及人们日常生活对于计算机,2023/11/25
期刊,基于大数据的网络安全分析与防范探索,刘谋龙,四川外国语大学成都学院;,数字技术与应用,<正>当前，大数据技术的出现为人们的生活、生产提供了巨大便利，尤其是在保障计算机网络安全、防范网络安全风险等方面表现出了巨大优势。大数据技术可以在短时间内完成对海量数据的处理，有效识别计算机网络系统中存在的安全隐患，以提高计算机网络的安全性，本文结合大数据技术的功能价值，对其在网络安全分析与防范中的应用展开了探讨，以供参考。,2023/11/25
期刊,云计算技术在计算机网络安全存储中的实施策略,黎志忠,湖南邮电职业技术学院;,数字技术与应用,<正>目前，计算机已经成为人们生活、工作中非常重要的工具，其储存功能强大，因此越来越多的人会将信息储存在计算机网络中。但随着时代的发展，信息储存的需求大幅提升，而传统计算机网络储存容量不足，很多时候无法满足需要，但云计算技术的出现解决了这一问题，该项技术能够大幅提高计算机网络储存空间，甚至在理论上可以让储存空间无限扩大，故完全可以满足现代所有计算机用户的信息储存需求，因此该项技术迅速在计算机网络储存领域得到了广泛应用。但随着应用的深入，人们发现云计算会间接导致计算机网络储存风险增大。,2023/11/25
期刊,大数据时代人工智能在计算机网络技术中的实践,姜宇; 黄芳,哈尔滨职业技术学院;,数字技术与应用,<正>随着大数据时代的到来，人工智能作为一种新型技术，正在快速发展并逐渐渗透到各个领域中。计算机网络技术作为信息传输和处理的重要手段，也在大数据时代面临着新的机遇和挑战。本文将从大数据时代人工智能的概况和计算机网络技术的基础入手，探讨人工智能在计算机网络中的应用优势，并以人工神经网络、人工免疫技术、人工智能问题求解和数据挖掘技术为例，进行实践探析。,2023/11/25
期刊,软通动力：拟收购同方计算机 软硬件一体化加速,王柄根,,股市动态分析,<正>《动态》：软通动力近期公告称，拟以现金方式对全资子公司软通智算进行增资，并通过其收购同方计算机100%股权、同方国际100%股权和成都智慧51%股权。收购同方计算机对公司未来业务发展有何影响？孔铭：根据软通动力公告，公司拟以现金方式对全资子公司软通智算增资不超过28亿元，软通智算将以公开挂牌方式受让同方股份持有的同方计算机100%股权、同方国际100%股权、同方成都智慧51%股权。三家拟出让标的资产已在产权交易所公开挂牌，本次交易的挂牌价格为18.98亿元，软通动力股东大会授权交易价格上限为28亿元，最终将按照产权交易所达成的摘牌金额确定交易价格。,2023/11/25
期刊,良性阵发性位置性眩晕的辅助诊断,刘雪冰; 高永彬,上海工程技术大学电子电气工程学院;上海工程技术大学智慧医疗研究所;,中国医学物理学杂志,目的：设计一种利用视觉虹膜识别概念和神经网络来诊断良性阵发性位置性眩晕（BPPV）的方法，从而辅助医生进行诊断。方法：通过计算机视觉二值化和阈值化技术从BPPV患者眼球运动视频中定位瞳孔和虹膜，捕获眼球运动轨迹。在眼球运动过程中使用虹膜模板匹配方法提取瞳孔和眼球运动的特征信息。将获得的眼动数据输入设计的神经网络进行BPPV诊断。结果：通过计算机视觉技术的实时检测和网络学习特征的能力，能有效捕捉并描述眼球运转轨迹，输出当前眼动轨迹信息，辅助医生做出更准确、更迅速的决策。结论：使用这种相对简单、无创且精确的方法来测量扭转眼球运动解决了长期存在的阻碍视觉和眼球运动的问题，能广泛应用于基础和临床研究或诊断测试。,2023/11/25
期刊,基于天地图的甘南藏区旅游信息系统设计与实现,于国斌,甘肃省基础地理信息中心;,测绘与空间地理信息,以“天地图・甘南”提供的基础地理信息数据为基础，通过聚合甘南藏族自治州丰富的旅游专题数据，构建了基于WebGIS的旅游信息系统，实现了各类旅游资源的直观展示和浏览查询，为公众出行提供了一个内容丰富、及时准确的旅游入口，为甘南地区旅游宣传、推广提供了有力支撑。,2023/11/25
期刊,电力物联网终端网络安全监测技术探析,马建伟; 周忠强; 夏天; 任庭昊; 樊一鸣,贵州电网有限责任公司电力调度控制中心;贵州电网有限责任公司遵义供电局;,科技与创新,物联网和电力行业的联系越来越密切，电力物联网智能终端在电力生产过程中发挥着越来越重要的作用。由于电力物联网安全领域具有较强的专业性，用户很难全方位了解电力物联网终端网络安全风险，不能够满足安全性评估的需求。针对电力物联网中存在的安全隐患，通过加强对物联网终端网络的安全监测与保护，有效增强电力物联网抵御风险的能力。基于此，阐述了电力物联网终端网络安全的内容，分析了电力物联网终端网络安全保护架构，并对电力物联网终端网络安全监测技术展开探究。,2023/11/25
期刊,自动化技术在农业机械设计制造中的运用,阿尔孜古丽・吾买尔; 张锋,新疆工程学院机电工程学院;,数字技术与应用,<正>随着农业生产活动的不断完善，其中运用的机械设备在不断增多，主要是运用机械设备生产和加工农业产品，这也是促进农业产品自动化、现代化发展的关键。农业机械设备设计与制造中运用自动化技术能够控制农业投入成本，提高农业发展水平。基于此，本文对自动化技术在农业机械设计制造中的应用进行分析，探究自动化技术应用价值，希望可以促进农业现代化发展。,2023/11/25
期刊,“互联网+农房登记”系统设计与实现,苏嫣; 石林曦,南京国图信息产业有限公司;,测绘与空间地理信息,"主要介绍利用互联网、大数据、人脸识别等技术，建设“互联网+农房登记”系统，为农房登记工作提供在线确权的平台。通过建设“互联网+农房登记”在线确权系统，将调查成果推送给权利人，权利人用手机在线对地籍信息、四邻等信息在线完成相关信息的签字确认。通过村组统一申请，申请人在线提交登记申请的方式办理农村房屋不动产登记，助力农村房屋确权工作的提效增速，实现“信息多跑腿，群众少跑”,不断地“便民利民”,提高政府服务形象。",2023/11/25
期刊,探讨人工智能在网络技术中的有效应用,魏祥璋,泉州华光职业学院;,数字技术与应用,<正>基于5G技术与计算机技术的高速推进，人工智能覆盖的领域越来越广泛，通过不断的实践应用，能够在计算机网络技术中看出人工智能的显著优势，不仅有助于优化计算机网络技术的工作成效，还能对该领域的技术创新起到一定的作用。也就是说，人工智能在很大程度上会对未来计算机网络技术的创新发展产生深远影响。本文从人工智能的梗概与特征出发，明确其具体应用与各项功能，而后对人工智能在计算机网络技术中应用的优势作出了详细分析，并进一步明确了计算机网络技术中人工智能的实践应用情况，旨在为计算机网络技术与人工智能的协同创新发展提供一些有效思路。,2023/11/25
期刊,计算机智能化图像识别技术探析,史瑶,公安部第三研究所;,数字技术与应用,<正>信息时代下我国陆续出现了多种计算机技术，这些技术下衍生了更多新技术，扩大了技术应用范围，带动了诸多工作的变革。目前，在生产生活的很多方面均利用了图像识别技术，这一技术的应用范围广、效果好，不论在当前及未来都有较大的发展空间和潜力。但目前的技术条件下计算机智能化图像识别技术有一定的发展不足之处，未来需从这些方面展开创新与探索。基于此，本文重点分析了计算机智能化图像识别技术的原理、特点及应用，对推广此技术具有指导与借鉴价值。互联网时代下衍生了很多智能化技术，对提高计算机图像识别的智能化水平具有重要意义，能根据人们对图像的需求提高图像质量。,2023/11/25
期刊,云计算技术在计算机安全存储中的应用与实践,马翊铭,武汉东湖学院;,数字技术与应用,<正>伴随着信息化时代的来临，计算机技术在各个领域得到了普遍的运用，这给人们的生活和工作等方面都提供了巨大的便利。随着计算机技术的迅速发展，网络中出现了许多诸如信息安全等方面的问题，若得不到有效的处理，就可能导致网络中的信息泄露。目前应该对云计算技术中存在的安全问题进行持续的优化和改进，从而推动我国信息化的发展。本文主要研究计算机安全存储中云计算技术的应用。,2023/11/25
期刊,变电站作业现场安全智能管控技术研究,刘云厚; 张艳杰; 吕强,国网技术学院;,科技与创新,变电站电力作业现场点多面广、流程复杂、难度大、风险高，为保障人身和设备安全，国家电网公司针对相应作业制定了完备的工作规范和工作流程。针对安全管控工作中易产生行为麻痹和主观疏漏的情况，提出一种采用先进的人工智能机器视觉技术，对现场工作行为进行实时识别的技术方法。以一套先进、完整的人工智能解决方案，实现违规行为的自动判定，同时可以与现有的安防分析系统无缝融合，以AI技术赋能电力安全，为电力作业人员的安全管控提供人工智能技术保障。,2023/11/25
期刊,大数据在计算机数据信息处理中的应用分析,李春艳; 张雪,郑州工业应用技术学院;,数字技术与应用,<正>我国科技飞速发展，计算机与网络技术的应用日益普及，给人们的生活与工作带来了极大的便利，也促进了整个社会的发展与进步。随着大数据时代的来临，数据的规模越来越大，在这种情况下，计算机信息处理技术变得越来越重要，对其应用的需求也越来越高。因此，必须要对大数据计算机信息处理技术进行持续研究，从而对计算机信息处理技术有更深入的认识，也能极大地提高计算机信息处理整体水平。基于此，本文探讨大数据的特点及影响和优化，分析大数据时代计算机数据信息处理面临的机遇和挑战，研究大数据技术在计算机数据信息处理中的应用。通过分析计算机数据处理技术，旨在促进技术创新和发展。,2023/11/25
期刊,智能时代编程教育如何培养学生的创新能力――基于编程项目活动联通“学编程”与“用编程创新”,李锋; 袁雨欣; 顾小清,华东师范大学教育信息技术学系;华东师范大学上海高校“立德树人”信息科技教育教学基地;,现代远程教育研究,在教育数字化转型的背景下，智能时代的编程教育被赋予培养学生创新能力、服务于创新型国家和科技强国建设的重要使命。然而，受技术工具论的影响，当前学界还普遍存在将编程教育等同于程序设计语言学习、简化为程序的模仿练习，甚至将其异化为编程测试题训练等认识误区。事实上，伴随计算机和人工智能技术的快速革新与普及，编程教育在教育理念、目标界定、内容选择、方法设计上不断成熟和完善，并形成了以知识与技能为主体内容的“学编程”、以解决问题为关键技能的“用编程学”、以编程创新为核心素养的“用编程创新”的教育模式演进路径。智能时代的编程教育应突破传统编程教育在内容、模式和方法上的局限，基于编程项目活动来贯通编程探究全过程，优化编程创新成果，并建构螺旋上升的创新路径。同时，还需按照教育实践需要从单元项目活动整体性、跨学科任务综合性、智能编程环境易用性等方面提供全方位的策略支持，以更好地为学生创新能力的培养提供坚实保障。,2023/11/25
期刊,故宫文物建筑防雷信息管理系统改造升级建设,齐飞; 陈瑞达; 沈健; 贾子恒,故宫博物院;中兵勘察设计研究院有限公司;,现代信息科技,为提高防雷工作的信息化水平和应对突发事件的能力，故宫于2014年建设防雷监测系统。随着防雷管理工作的深入开展，发现现有防雷监测系统功能单一，无法对防雷管理工作进行更有效的支撑。为此，设计开发防雷检测移动端应用，以手持终端系统、无线传输的方式，采用GIS地图作为展现载体，全面管理各类防雷设施，辅助防雷装置安全检测人员实时记录现场数据，实现检测成果现场采集和电子化填报。自2021年开始采用该系统开展雷检工作，实现了防雷工作的精细化管理，进而对文物建筑起到了预防性保护的效果。,2023/11/25
期刊,计算机导航辅助与传统内侧开放胫骨高位截骨术治疗膝内侧骨关节炎的早期疗效比较,程加峰; 赵平; 耿家金; 杨民; 张永强; 张强; 汪洋; 鲁斌; 徐超; 唐尚文,芜湖市第一人民医院骨一科;,实用骨科杂志,"目的 比较计算机导航辅助与传统内侧开放楔形胫骨高位截骨术(open wedge high tibial osteotomy, OWHTO)治疗膝关节内侧间室骨关节炎的早期临床疗效，探讨计算机导航辅助OWHTO手术优势。方法 前瞻性研究芜湖市第一人民医院骨一科2019年6月至2021年6月60例(60膝)行OWHTO手术的膝关节内侧骨关节炎患者，根据术中是否使用计算机导航辅助分为导航组(30例30膝)和非导航组(30例30膝)。导航组男14例，女16例；年龄57～69岁，平均年龄(62.77±3.44)岁。非导航组男13例，女17例；年龄56～69岁，平均年龄(62.13±3.54)岁。比较两组患者的手术时间、术中透视次数、术后并发症、胫股角、胫骨近端内翻角、Δ胫股角(术后实际胫股角与术前设计胫股角的差值绝对值)、术后美国特种外科医院(hospital for special surgery, HSS)膝关节评分和西安大略和麦克马斯特大学(Western Ontario and McMaster Universities, WOMAC)骨关节炎指数评分等。结果 60例患者均获得1年以上随访，平均(16.68±3.42)个月。导航组手术时间(85.87±4.67) min,较非导航组(80.60±6.77) min长，差异有统计学意义(P<0.01)。导航组术中透视次数(5.00±0.95)次，较非导航组(9.80±1.13)次少，差异有统计学意义(P<0.01)。两组患者手术前后胫股角、胫骨近端内翻角比较，差异无统计学意义(P>0.05)。两组患者Δ胫股角比较，差异有统计学意义(P<0.05)。导航组术后各时间段HSS膝关节评分和WOMAC评分与非导航组比较，差异无统计学意义(P>0.05)。两组患者术后手术并发症发生率差异无统计学意义(P>0.05)。结论 计算机导航辅助OWHTO手术能提高术后下肢力线纠正的精准度，减少术中透视次数，但计算机导航相对增加手术时间。计算机导航辅助OWHTO手术近期临床效果与传统手术比较无优势，中远期疗效有待进一步研究。",2023/11/25
期刊,新形势下舰船计划修理工程管理创新的思考,逄焕学; 季刚,武汉第二船舶设计研究所;,船舶物资与市场,随着部队战略转型建设的深入，海军迎来了井喷式发展，大量舰船的服役对计划修理工程管理提出了新的要求。本文从总承修单位的角度，对此提出了创新的管理思路和方法。通过信息化管理实现对计划修理工程的全面监控和管理；通过风险管理，进行风险评估和控制，降低计划修理工程的风险；通过绩效管理，进行绩效评估和考核，提高计划修理工程的效率和质量；通过加强与其它单位的交流，实现资源联动，提高综合管理能力。通过本文的研究，以期提高舰船计划修理管理水平。,2023/11/25
期刊,基于分布式网络的新型智算中心在AI大模型、元宇宙领域的应用,李筱,首都在线科技股份有限公司;,智慧中国,元宇宙（Metaverse）预计将在未来成为一个重要的行业。预计到2030年，它有可能产生高达5万亿美元的全球价值。元宇宙的概念旨在通过可互操作的平台和传感器设备，为用户提供身临其境的同步3D体验（虚拟现实）。与大多数能够生成、收集和处理用户数据的新兴技术一样，战略性地利用元宇宙将面临多方面的挑战，既有技术障碍，也有道德考量。这种情况下，元宇宙的发展离不开高算力的支持。为此，构建一种“新型智算中心”并将其应用在AI大模型、元宇宙等领域，势在必行。,2023/11/25
期刊,浅析虚拟仪器技术在传感器检测技术实验教学中的应用,封燕芳,浙江机电职业技术学院;,中国设备工程,在传感器检测技术实验教学中，由于该课程具有较强的实践性，为进一步提高学生对该课程的积极性与实践水平，需要加强对该课程的改革应用，通过设计多重道路质量检测系统，加入虚拟仪器技术等方式，提高学生的实践能力。本文将以虚拟仪器技术位出发点，分析虚拟仪器技术的实际工作原理与特点，并简要分析传感器检测技术实验教学的特点，最后总结虚拟仪器技术在传感器检测技术实验教学的实际应用。,2023/11/25
期刊,数字贸易测度研究――从聚焦数字实际交付服务到数字贸易全覆盖,高晓雨; 王梦梓; 贾怀勤,国家工业信息安全发展研究中心;对外经济贸易大学国际商学院;,统计研究,数字贸易正在成为数字经济的重要组成部分和全球贸易的未来发展趋势。数字贸易区别于传统贸易最主要的特点在于是否通过数字化的方式实现交易，但目前各国按照服务类型而非交易方式统计服务贸易，为数字贸易测度带来挑战。本文基于联合国贸易和发展会议（UNCTAD）从“数字可交付贸易”到聚焦“数字实际交付贸易”的研究，对标经济合作与发展组织（OECD）《数字贸易测度手册》的数字贸易宽口径指标，确立宽口径的数字贸易核算框架，并采用贾怀勤（2018）提出的数字技术融合比计算方法，对我国2018―2020年数字贸易规模进行试测算。结果显示，2020年，我国数字贸易进出口规模为4.0万亿元人民币，其中，数字交付贸易规模1.32万亿元，数字订购服务贸易规模0.99万亿元，数字订购货物贸易按跨境电商计算，规模为1.69万亿。本文深化了数字贸易规模测算研究，为进一步完善我国数字贸易规模测算体系和提出促进数字贸易发展的战略措施提供参考依据。,2023/11/25
期刊,采用多级渐进式门控卷积网络的歌声分离方法,罗庆予; 张天骐; 熊天,重庆邮电大学通信与信息工程学院;,北京航空航天大学学报,针对目前基于卷积神经网络(CNN)的歌声分离算法对高低层特征融合时存在语义差异，以及忽视语音特征在通道维度上潜在价值的问题，提出了一种采用堆叠式的多级渐进式门控卷积网络来实现歌声分离。通过在每一级子网络中设计一种门控自适应卷积(GCA)单元来充分学习并提取歌曲的时频特征，并增强特征通道间的竞争合作关系；为减少浅层与深层网络信息融合时的语义误差，在子网络的编解码层间引入门控注意力机制；在各级子网络间提出一种监督注意力(SA)来选择性地传递有效信息流并实现多级网络的渐进式学习。在公开的大小2个数据集下进行综合对比实验，结果表明：所提方法相比于近年代表性模型，在分离歌声与背景伴奏时均具有一定的优越性。,2023/11/24 11:02
期刊,面向UUV对接的视觉引导三维跟踪控制研究,卢有旺; 夏英凯; 徐国华; 李家伟; 徐根; 何梓轩,华中农业大学工学院;华中科技大学船舶与海洋工程学院;,中国舰船研究,【目的】自主对接是水下无人航行器(UUV)协同作业的关键，但受复杂环境和对象特性影响，精准引导与对接难度很大。为了提高水下对接的准确性和鲁棒性，本文设计了一种基于视觉引导的对接方案，并针对视觉解算和三维跟踪控制技术开展研究。【方法】首先，结合任务和对象特性分析，设计了基于视觉引导的总体对接方案。其次，设计YOLOv5神经网络完成了水下对接站的目标检测，并基于EPnP算法实现了对接站与UUV间相对位姿关系的在线测量。接着，结合视觉解算结果，基于三维LOS制导、RBF神经网络、终端滑模控制和李雅普诺夫理论，设计了一种高效的三维鲁棒跟踪控制器。最后，通过数字仿真和水池试验验证本文设计方案的有效性。【结果】在水池试验中，视觉引导控制算法能有效完成水下对接站的在线检测与相对定位，且实现UUV精准水下对接。【结论】研究表明，本文提出的视觉引导三维跟踪控制方案合理、高效，可为UUV水下对接奠定基础，且该技术具有广阔的应用前景。,2023/11/24 11:19
期刊,基于AADL2SPN的飞行控制系统可靠性分析,罗文斌; 陆中; 程大炜; 缪炜润,南京航空航天大学民航学院;,航空工程进展,飞行控制系统是典型的安全关键系统，其可靠性对保证飞机安全运行具有重要作用。传统可靠性分析方法过于依赖分析人员的经验，主观性强，极易导致可靠性模型与设计模型之间存在不一致性。综合利用架构分析设计语言（AADL）和随机Petri网（SPN）描述系统的故障传播行为，提出一种基于模型的可靠性分析方法；利用AADL构建某横侧向电传飞控系统的名义模型和错误模型，提出AADL模型中错误传播相关信息的提取方法，利用所提取信息自动生成描述系统故障传播行为的SPN模型；在此基础上，通过蒙特卡洛仿真完成该横侧向电传飞控系统的可靠性评估。经与故障树分析方法对比，结果表明：最大相对误差小于0.018%，满足工程需要；所构建的可靠性模型由AADL模型自动生成，能够确保可靠性模型与设计模型的一致性，避免了对设计人员经验的依赖。,2023/11/24 14:35
期刊,ChatGPT背景下的计算机实践类课程改革初探,姜春茂; 段莹,福建理工大学计算机科学与数学学院;,实验技术与管理,近年来，以ChatGPT为代表的大模型对计算机实践课程教学带来了机遇与挑战。这些工具的正确应用可提升学习效果和学生能力培养，实现“人机共强”。然而，学生也可能利用这些模型完成编程作业，引发作弊问题，违反学术诚信原则，削弱学生学习和掌握技能的动力，不利于独立设计能力提升，可能导致“创新惰性症候群”。该文首先梳理计算机实践教学形态，分析ChatGPT对教学的正面、负面及不确定影响，提出针对性的解决方案，然后通过两个实践案例，阐明这些措施的具体实施过程，以期为应对技术带来的挑战，促进教育与技术的和谐发展提供参考。,2023/11/24 14:50
期刊,区块链智能合约应用中的刑事风险及其应对,徐翕明,广西民族大学法学院;广西民族大学民族法与区域治理研究协同创新中心;,大连理工大学学报(社会科学版),"随着区块链技术的快速发展,以智能合约为载体的犯罪正呈现多元化。分布式账本的“去中心化”风险与合约代码的“转化”风险,产生了以智能合约为工具的犯罪;非对称算法的“私钥”风险,产生了以智能合约为对象的犯罪;自动执行的“不可逆”风险,产生了以智能合约为空间的犯罪。为了应对上述风险,需要从计算机技术与刑法理论协同推进。技术方面,谋求“完全匿名”到“可控匿名”的去中心化蜕变;实现“完全不管”到“必要监管”的平台义务转换;完善合约代码的堵漏机制。刑法理论方面,在客观归责层面引入行为共同说,并全面承认片面的共犯理论;确定私钥、以太币的虚拟财产属性;借鉴实质预备犯理论,作为处罚智能合约预备阶段的依据。",2023/11/24 15:20
期刊,基于知识图谱增强的领域多模态实体识别,李华昱; 张智康; 闫阳; 岳阳,中国石油大学(华东)计算机科学与技术学院;,计算机工程,针对特定领域中文命名实体识别存在句子简短或歧义等问题，提出了一种利用学科图谱和图像提高实体识别准确率的模型，旨在利用领域图谱和图像，提高计算机学科领域短文本中实体识别的准确率。使用基于BERT-BiLSTM的模型提取文本特征，使用ResNet152提取图像特征，并使用分词工具获得句子中的名词实体。通过BERT将名词实体与图谱节点进行特征嵌入，使用余弦相似度查找句子中的分词在学科图谱中最相似的节点，保留此节点领域为1的邻居节点，生成最佳匹配子图，作为句子的语义补充。模型使用多层感知机将文本、图像和子图三种特征映射到同一空间，并通过独特的门结构实现文本和图像的细粒度跨模态特征融合。最后通过交叉注意力机制将多模态特征与子图特征进行融合，输入解码器进行实体标记。在Twitter2015、Twitter2017和自建计算机学科数据集上同基线模型进行了比较，所提方法在领域数据集上的精确率、召回率和F1值分别可达88.56%、87.47%和88.01%，表明利用领域知识图谱能提升实体识别效果。,2023/11/24 15:31
期刊,海洋舰船目标红外检测技术研究,贾春荣; 杨帆; 高建鑫; 沈萌萌; 卓越; 邸志刚,华北理工大学电气工程学院;,激光杂志,舰船作为海上交通的核心以及海洋战争中重要的军事目标，其检测和识别在民用及军事领域都具有极其深远的现实意义，但复杂的海洋环境使得舰船目标检测存在诸多困难。红外成像及目标检测在复杂海况下有着优良的适用性，针对当下舰船目标检测需求，概述了舰船目标红外检测技术发展的现状，分析了红外图像预处理方法与基于深度学习的舰船目标检测算法，对比了主流方法的优缺点，最后对研究现状与技术改进做了系统性的归纳梳理，并对其未来发展趋势进行了展望。,2023/11/24 15:42
期刊,多视角融合的时空动态图卷积网络城市交通流量预测,赵文竹; 袁冠; 张艳梅; 乔少杰; 王森章; 张雷,中国矿业大学计算机科学与技术学院;矿山数字化教育部工程研究中心;成都信息工程大学软件工程学院;中南大学计算机学院;同济大学上海自主智能无人系统科学中心;,软件学报,"城市交通流量预测是构建绿色低碳、安全高效的智能交通系统的重要组成部分.时空图神经网络由于具有强大的时空数据表征能力,被广泛应用于城市交通流量预测.当前,时空图神经网络在城市交通流量预测中仍存在以下两方面局限性:1)直接构建静态路网拓扑图对城市空间相关性进行表示,忽略了节点的动态交通模式,难以表达节点流量之间的时序相似性,无法捕获路网节点之间在时序上的动态关联;2)只考虑路网节点的局部空间相关性,忽略节点的全局空间相关性,无法建模交通路网中局部区域和全局空间之间的依赖关系.为打破上述局限性,提出了一种多视角融合的时空动态图卷积模型用于预测交通流量:首先,从静态空间拓扑和动态流量模式视角出发,构建路网空间结构图和动态流量关联图,并使用动态图卷积学习节点在两种视角下的特征,全面捕获城市路网中多元的空间相关性;其次,从局部视角和全局视角出发,计算路网的全局表示,将全局特征与局部特征融合,增强路网节点特征的表现力,发掘城市交通流量的整体结构特征;接下来,设计了局部卷积多头自注意力机制来获取交通数据的动态时间相关性,实现在多种时间窗口下的准确流量预测;最后,在4种真实交通数据上的实验结果,证明了该模型的有效性和准确性.",2023/11/24 15:49
期刊,基于互联网+妇女健康管理模式在妇女体检中的应用探究,伍芸; 江东帆; 喻姗; 张成琼; 雷蕾,电子科技大学附属医院.成都市妇女儿童中心医院健康管理科;成都市第五人民医院;,成都医学院学报,目的 旨在以互联网健康管理信息平台为基础，探索专业引领的智慧妇女健康管理模式。方法 选取2021年1-12月在成都市妇女儿童中心医院参加健康体检女性1200例作为研究对象并进行为期1年（2022年1-12月）的健康管理，2021年按一般体检流程，2022年按互联网+健康管理的体检流程，比较健康管理前后检测指标的差异。结果2022年宫颈液基细胞学检测（TCT）、宫颈人乳头瘤病毒（HPV）检测的阳性结果检出率及妇科疾病检出率明显高于2021年（P<0.05）；2022年满意度明显高于2021年（P<0.05）。结论 互联网+妇女健康管理模式促使人群由被动治疗疾病变成主动管理身体健康，努力向健康管理、科学评价和医务监督的层次转变。,2023/11/24 16:06
期刊,计算机三刺激值测配色法及其在皮革中的应用分析,刘挺,西安外事学院;,中国皮革,现阶段，计算机三刺激值测配色在实践生产中实现了广泛应用，且在基础数据库逐渐健全的趋势下，配色精确度也随之优化与提高。为有效避免以往皮革测配色质量不达标的现象，本文提出了以计算机技术为辅助的皮革测配色方法。其基于皮革表层颜色特征，在测配色环节合理利用计算机三刺激值测配色法，以获取合适的配色设计方案，不仅能够有效提升生产效率与配色准确度，还能够在一定程度上节省人工成本与生产成本。,2023/11/24 16:33
期刊,基于计算机视觉技术的皮革制品智能化喷涂控制系统研究,田园,西安外事学院工学院;,中国皮革,随着技术的更新迭代，人们对于皮革制品的质量和外观的要求也不断提升。喷涂技术和喷涂控制系统的革新与优化有着重要现实意义。本文介绍了目前智能化喷涂系统的研发现状，设计了一种基于计算机视觉技术的皮革制品智能化喷涂控制系统，确定合适的算法对皮革图像进行预处理，根据特征点进行模板匹配，实现对皮革工件的识别，对皮革平面进行喷涂路径规划和优化。对工业机器人、视觉设备和喷枪进行了选型，对软件流程进行了设计，引入视觉识别技术完成喷涂任务，以期提高皮革制品喷涂系统的喷涂质量和自动化水平。,2023/11/24 16:48
期刊,基于单片机与PC机的湿法人造革制革自动监控系统的构建,苟金华,陕西青年职业学院;,中国皮革,温湿度、二甲基甲酰胺（DMF）浓度和废水pH值等是湿法人造革制革过程中的重要监测指标。制革过程中产生的废弃物成分复杂、危害严重，如不加强监控和处理，会危害人体健康、造成地面水污染和空气污染。本文介绍了湿法人造革生产工艺过程，探究了人造革制革生产工艺的发展方向。基于单片机与PC机设计一种自动化湿法人造革制革监控系统，确定了系统总体结构、硬件选型与软件设计方案等。该系统主要硬件包括温湿度传感器、DMF浓度自动检测仪、pH值计、显示器等，采用的主控单元是AT89C52单片机，将采集的各种环境参数送入单片机进行处理计算，利用VB6.0软件编程对数据进行存储、显示，实现湿法人造革制革过程中多种环境参数的自动采集和实时监控。,2023/11/24 16:51
期刊,策略梯度的超启发算法求解带容量约束车辆路径问题,张景玲; 余孟凡; 赵燕伟; 孙钰粟; 蒋玉勇,浙江工业大学特种装备制造及先进加工技术教育部重点实验室;,控制理论与应用,有容量车辆路径问题是组合优化问题中比较热门的问题， 它属于经典的NP-hard问题并且时间复杂度高. 本文提出了一种基于策略梯度的超启发算法， 将强化学习中的确定性策略梯度算法引入到超启发算法的高层策略中的底层算法选择策略， 确定性策略梯度算法采用Actor-Critic框架， 另外为了能够在后续计算和神经网络参数更新中引用历史经验数据， 在确定性策略梯度算法中设计了经验池用于存储状态转移数据. 在超启发算法解的接受准则方面， 文中通过实验对比了三种接受准则的效果， 最终选择了自适应接受准则作为高层策略中解的接受准则. 通过对有容量车辆路径问题标准算例的计算， 并将求解结果与其他算法对比， 验证了所提算法在该问题求解上的有效性和稳定性.,2023/11/24 17:25
期刊,深度学习改进Faster RCNN算法皮革材料缺陷机器视觉检测研究,朱春燕,西安培华学院智能科学与信息工程学院;,中国皮革,Fast RCNN或Faster RCNN算法常用于对皮革材料表面缺陷进行检测，但其存在检测精度不高、准确率一般等问题。本文以深度学习改进传统算法得到改进Faster RCNN算法，并将改进后的算法用于皮革材料缺陷机器视觉检测工艺中，通过原图位置坐标改进、池化层算法设计及卷积神经网络特征提取等步骤实现了皮革材料缺陷机器视觉检测的优化。,2023/11/24 17:37
期刊,基于机器视觉的码垛成品烟箱表面缺陷检测模型研究,李浩; 支殿楠; 张胜利; 刘亚超; 曾峰,河北白沙烟草有限责任公司保定卷烟厂;河南中烟工业有限责任公司;,制造业自动化,为解决烟箱码垛后表面缺陷未被检测问题，设计一种烟箱表面图像检测模型。通过提取烟箱表面缺陷特征，形成训练集和与烟箱分类器，并基于机器视觉阈值，引入阈值差比对检测算法，代替传统的人工缺陷检测方法。通过图像预处理、噪声处理、图像特征选择和提取等方法，使阈值和烟箱正向图像进行比对，智能判断烟箱表面是否存在缺陷。改进后，机器人在码垛过程中，能够准确地识别出烟箱表面缺陷并能及时将表面有缺陷的烟箱剔除，准确率达到97%。实验结果表明，烟箱表面缺陷检测模型可满足高质量生产需求，具备优良泛化性能。,2023/11/24
期刊,某司锻轧线车轮轧机生产数据的本地存储方法,张超; 高轶; 刘俊华; 杜国坤; 徐士铎,北京机械工业自动化研究所有限公司;,制造业自动化,针对某司锻轧线车轮轧机生产数据本地保存的需求，基于TIAportalWinCC，开发脚本，将轧机生产数据实时存储到本地计算机的Excel报表中，如车轮轧制时间、车轮外径、车轮温度以及压力、转速等数据，并且数据报表在本地计算机保存120天。,2023/11/24
期刊,机械臂3D打印出料宽度的视觉监控与实时调控方法研究,石礼玉; 高伟俊; 石新羽; 万达,青岛理工大学滨海人居环境学术创新中心;天津城建大学;,制造业自动化,3D打印中的熔融沉积（FDM）打印技术在面对不同尺度的物件打印时，若仅依靠预设打印温度及打印速度很难对打印出料宽度进行有效的控制。同时，使用机械臂作为3D打印工具的打印程序多为离线程序，打印一旦开始就不能改变，想要改变打印宽度就需要重新修改打印程序，这样的处理方法费时费力。为了使打印的结果更加可控，出料宽度的实时测量与控制显得尤为重要。面对这一问题，提出了一种基于机器视觉的在线控制技术，通过摄像头等硬件设备实时采集出料图像，对图像进行灰度化、滤波、二值化、边缘检测等一系列处理，获得打印出料宽度，并对打印出料的宽度进行了有效的实时调控。为将来实现多种尺度的机械臂3D打印以及其他数字建造工艺提供了可靠且有效的控制方法。,2023/11/24
期刊,基于实时扫描的隧道自动开槽机器人电气系统设计,雷刚; 杨凌武; 胡明华; 施芸; 盛磊,四川省装备制造业机器人应用技术工程实验室;中铁二局第五工程有限公司;,制造业自动化,在既有铁路电气化改造和病害整治中，隧道渗漏水是最常见的施工问题。目前，施工方式分为注浆堵水和开槽埋管引排两种方式，堵排结合。现有工法下，开槽埋管引排具有工作量大、作业危险性高、效率低下的问题。结合现场需求，利用实时扫描成像技术、机器人控制技术、开槽路径自动生成技术、开槽设备压力全向恒定控制技术设计了一种可用于隧道边墙立面高速开槽的机器人工作站。该工作站直接安装在一台标准的轨道平板车上，由机车头进行牵引，可以实现在既有运营隧道上进行高速、高质量的隧道排水槽开凿。,2023/11/24
期刊,薄板V形自由折弯的回弹预测与分析,周玉甲; 胡峰松; 袁佳健,湖南交通职业技术学院机电工程学院;湖南大学信息科学与工程学院;,塑性工程学报,"建立了薄板V形自由折弯的有限元模型，利用拉丁超立方抽样法确定了影响折弯回弹的主要因素组合方案，利用有限元模拟的回弹角度作为样本数据，对用于预测折弯回弹角度的BP神经网络模型进行了训练，采用平均影响值法对影响回弹角度的因素进行了敏感性分析，并利用蒙特卡罗法对折弯过程中的不可控因素进行了模拟，研究了折弯回弹角度的分布规律与变化区间。结果表明，建立的BP神经网络模型精度较高，可以准确预测V形自由折弯回弹角度；受不可控因素影响，折弯回弹角度基本符合正态分布，在置信系数为99.73%时，角度的波动达19.87%,表明不可控因素的波动对折弯回弹角度具有显著影响。",2023/11/24 10:40
